Workbook

Sheet Daily KPI Entry Oct26
A2: Date | B2: Employee | C2: Batch | D2: Branch | E2: Collection Achv. | F2: Collection Point | G2: Int. Meeting Achv. | H2: Int. Meeting Point | I2: Ext. Meeting Achv | J2: Ext. Meeting Point | K2: Talk Time | L2: Client Reach/ Follow-up Achv. | M2: Client Reach/ Follow-up Point | N2: Appointment Achv. | O2: Appointment Point | P2: Dig. Marketing Point | Q2: Att. & Discipline Point | R2: KPI Mark Target | S2: Total KPI Points | T2: KPI Achievement % | U2: Gap | V2: Status | W2: Remarks
A3: 46296 | B3: Most. Liza Akter | C3: Batch-1 | D3: OCDL SO | E3: 0 | F3: =IF(E3>0,3,0) -> 0 | G3: 0 | H3: =IF(G3>0,1,0) -> 0 | I3: 1 | J3: =IF(I3>0,1,0) -> 1 | K3: 121 | L3: 52 | M3: =MIN(L3/50,1) -> 1 | N3: 3 | O3: =SUM(N3/3)*2 -> 2 | P3: 1 | Q3: 1 | R3: 10 | S3: =SUM(F3,H3,J3,M3,O3,P3,Q3) -> 6 | T3: =IFERROR(S3/10,0) -> 0.6 | U3: =S3-10 -> -4 | V3: =IF(T3>=1,"Achieved",IF(T3>=0.7,"Near Target",IF(T3>=0.5,"Average","Low Performance"))) -> Average
A4: 46296 | B4: Jakir Ahammed Noor | C4: Batch-1 | D4: OCDL SO | E4: 650000 | F4: =IF(E4>0,3,0) -> 3 | G4: 1 | H4: =IF(G4>0,1,0) -> 1 | I4: 2 | J4: =IF(I4>0,1,0) -> 1 | K4: 66 | L4: 51 | M4: =MIN(L4/50,1) -> 1 | N4: 3 | O4: =SUM(N4/3)*2 -> 2 | P4: 1 | Q4: 1 | R4: 10 | S4: =SUM(F4,H4,J4,M4,O4,P4,Q4) -> 10 | T4: =IFERROR(S4/10,0) -> 1 | U4: =S4-10 -> 0 | V4: =IF(T4>=1,"Achieved",IF(T4>=0.7,"Near Target",IF(T4>=0.5,"Average","Low Performance"))) -> Achieved
A5: 46296 | B5: Anowar Hossain | C5: Batch-1 | D5: OCDL SO | E5: 0 | F5: =IF(E5>0,3,0) -> 0 | G5: 0 | H5: =IF(G5>0,1,0) -> 0 | I5: 1 | J5: 1 | K5: 66 | L5: 52 | M5: =MIN(L5/50,1) -> 1 | N5: 3 | O5: =SUM(N5/3)*2 -> 2 | P5: 1 | Q5: 1 | R5: 10 | S5: =SUM(F5,H5,J5,M5,O5,P5,Q5) -> 6 | T5: =IFERROR(S5/10,0) -> 0.6 | U5: =S5-10 -> -4 | V5: =IF(T5>=1,"Achieved",IF(T5>=0.7,"Near Target",IF(T5>=0.5,"Average","Low Performance"))) -> Average
A6: 46296 | B6: Abrarul Haque Emon | C6: Batch-1 | D6: OCDL SO | E6: 300000 | F6: =IF(E6>0,3,0) -> 3 | G6: 1 | H6: =IF(G6>0,1,0) -> 1 | I6: 1 | J6: 1 | K6: 85 | L6: 50 | M6: =MIN(L6/50,1) -> 1 | N6: 3 | O6: =SUM(N6/3)*2 -> 2 | P6: 1 | Q6: 1 | R6: 10 | S6: =SUM(F6,H6,J6,M6,O6,P6,Q6) -> 10 | T6: =IFERROR(S6/10,0) -> 1 | U6: =S6-10 -> 0 | V6: =IF(T6>=1,"Achieved",IF(T6>=0.7,"Near Target",IF(T6>=0.5,"Average","Low Performance"))) -> Achieved
A7: 46296 | B7: Mst Sharmin Akter Nabila | C7: Batch-2 | D7: OCDL SO | E7: 0 | F7: =IF(E7>0,3,0) -> 0 | G7: 1 | H7: =IF(G7>0,1,0) -> 1 | I7: 0 | J7: 0 | K7: 80 | L7: 67 | M7: =MIN(L7/50,1) -> 1 | N7: 3 | O7: =SUM(N7/3)*2 -> 2 | P7: 1 | Q7: 1 | R7: 10 | S7: =SUM(F7,H7,J7,M7,O7,P7,Q7) -> 6 | T7: =IFERROR(S7/10,0) -> 0.6 | U7: =S7-10 -> -4 | V7: =IF(T7>=1,"Achieved",IF(T7>=0.7,"Near Target",IF(T7>=0.5,"Average","Low Performance"))) -> Average
A8: 46296 | B8: Afroza Yeasmin Rumi | C8: Batch-2 | D8: OCDL SO | E8: 0 | F8: =IF(E8>0,3,0) -> 0 | G8: 0 | H8: =IF(G8>0,1,0) -> 0 | I8: 1 | J8: =IF(I8>0,1,0) -> 1 | K8: 75 | L8: 53 | M8: =MIN(L8/50,1) -> 1 | N8: 3 | O8: =SUM(N8/3)*2 -> 2 | P8: 1 | Q8: 1 | R8: 10 | S8: =SUM(F8,H8,J8,M8,O8,P8,Q8) -> 6 | T8: =IFERROR(S8/10,0) -> 0.6 | U8: =S8-10 -> -4 | V8: =IF(T8>=1,"Achieved",IF(T8>=0.7,"Near Target",IF(T8>=0.5,"Average","Low Performance"))) -> Average
A9: 46296 | B9: Maria Akter Mim | C9: Batch-2 | D9: OCDL SO | E9: 0 | F9: =IF(E9>0,3,0) -> 0 | G9: 0 | H9: =IF(G9>0,1,0) -> 0 | I9: 1 | J9: 1 | K9: 64 | L9: 50 | M9: =MIN(L9/50,1) -> 1 | N9: 3 | O9: =SUM(N9/3)*2 -> 2 | P9: 1 | Q9: 1 | R9: 10 | S9: =SUM(F9,H9,J9,M9,O9,P9,Q9) -> 6 | T9: =IFERROR(S9/10,0) -> 0.6 | U9: =S9-10 -> -4 | V9: =IF(T9>=1,"Achieved",IF(T9>=0.7,"Near Target",IF(T9>=0.5,"Average","Low Performance"))) -> Average
A10: 46296 | B10: Jahid Hasan E | C10: Batch-2 | D10: OCDL SO | E10: 0 | F10: =IF(E10>0,3,0) -> 0 | G10: 0 | H10: =IF(G10>0,1,0) -> 0 | I10: 1 | J10: =IF(I10>0,1,0) -> 1 | K10: 65 | L10: 50 | M10: =MIN(L10/50,1) -> 1 | N10: 3 | O10: =SUM(N10/3)*2 -> 2 | P10: 1 | Q10: 1 | R10: 10 | S10: =SUM(F10,H10,J10,M10,O10,P10,Q10) -> 6 | T10: =IFERROR(S10/10,0) -> 0.6 | U10: =S10-10 -> -4 | V10: =IF(T10>=1,"Achieved",IF(T10>=0.7,"Near Target",IF(T10>=0.5,"Average","Low Performance"))) -> Average
A11: 46296 | B11: Safiqul Islam | C11: Batch-Ind | D11: OCDL SO | E11: 0 | F11: =IF(E11>0,3,0) -> 0 | G11: 0 | H11: =IF(G11>0,1,0) -> 0 | I11: 2 | J11: =IF(I11>0,1,0) -> 1 | K11: 75 | L11: 55 | M11: =MIN(L11/50,1) -> 1 | N11: 3 | O11: =SUM(N11/3)*2 -> 2 | P11: 1 | Q11: 1 | R11: 10 | S11: =SUM(F11,H11,J11,M11,O11,P11,Q11) -> 6 | T11: =IFERROR(S11/10,0) -> 0.6 | U11: =S11-10 -> -4 | V11: =IF(T11>=1,"Achieved",IF(T11>=0.7,"Near Target",IF(T11>=0.5,"Average","Low Performance"))) -> Average
A12: 46296 | B12: Manir Sikder | C12: Batch-Ind | D12: OCDL SO | E12: 0 | F12: =IF(E12>0,3,0) -> 0 | G12: 0 | H12: =IF(G12>0,1,0) -> 0 | I12: 2 | J12: =IF(I12>0,1,0) -> 1 | K12: 60 | L12: 50 | M12: =MIN(L12/50,1) -> 1 | N12: 3 | O12: =SUM(N12/3)*2 -> 2 | P12: 1 | Q12: 1 | R12: 10 | S12: =SUM(F12,H12,J12,M12,O12,P12,Q12) -> 6 | T12: =IFERROR(S12/10,0) -> 0.6 | U12: =S12-10 -> -4 | V12: =IF(T12>=1,"Achieved",IF(T12>=0.7,"Near Target",IF(T12>=0.5,"Average","Low Performance"))) -> Average
A13: 46296 | B13: Yeasin Rasel | C13: Batch-Ind | D13: OCDL SO | E13: 400000 | F13: =IF(E13>0,3,0) -> 3 | G13: 1 | H13: =IF(G13>0,1,0) -> 1 | I13: 1 | J13: =IF(I13>0,1,0) -> 1 | K13: 46 | L13: 50 | M13: =MIN(L13/50,1) -> 1 | N13: 3 | O13: =SUM(N13/3)*2 -> 2 | P13: 1 | Q13: 1 | R13: 10 | S13: =SUM(F13,H13,J13,M13,O13,P13,Q13) -> 10 | T13: =IFERROR(S13/10,0) -> 1 | U13: =S13-10 -> 0 | V13: =IF(T13>=1,"Achieved",IF(T13>=0.7,"Near Target",IF(T13>=0.5,"Average","Low Performance"))) -> Achieved
A14: 46298 | B14: Most. Liza Akter | C14: Batch-1 | D14: OCDL SO | E14: 0 | F14: =IF(E14>0,3,0) -> 0 | G14: 0 | H14: =IF(G14>0,1,0) -> 0 | I14: 1 | J14: 0 | K14: 101 | L14: 53 | M14: =MIN(L14/50,1) -> 1 | N14: 3 | O14: =SUM(N14/3)*2 -> 2 | P14: 1 | Q14: 1 | R14: 10 | S14: =SUM(F14,H14,J14,M14,O14,P14,Q14) -> 5 | T14: =IFERROR(S14/10,0) -> 0.5 | U14: =S14-10 -> -5 | V14: =IF(T14>=1,"Achieved",IF(T14>=0.7,"Near Target",IF(T14>=0.5,"Average","Low Performance"))) -> Average
A15: 46298 | B15: Jakir Ahammed Noor | C15: Batch-1 | D15: OCDL SO | E15: 0 | F15: =IF(E15>0,3,0) -> 0 | G15: 0 | H15: =IF(G15>0,1,0) -> 0 | I15: 1 | J15: =IF(I15>0,1,0) -> 1 | K15: 61 | L15: 52 | M15: =MIN(L15/50,1) -> 1 | N15: 3 | O15: =SUM(N15/3)*2 -> 2 | P15: 1 | Q15: 1 | R15: 10 | S15: =SUM(F15,H15,J15,M15,O15,P15,Q15) -> 6 | T15: =IFERROR(S15/10,0) -> 0.6 | U15: =S15-10 -> -4 | V15: =IF(T15>=1,"Achieved",IF(T15>=0.7,"Near Target",IF(T15>=0.5,"Average","Low Performance"))) -> Average
A16: 46298 | B16: Anowar Hossain | C16: Batch-1 | D16: OCDL SO | E16: 0 | F16: =IF(E16>0,3,0) -> 0 | G16: 0 | H16: =IF(G16>0,1,0) -> 0 | I16: 1 | J16: 0 | K16: 68 | L16: 58 | M16: =MIN(L16/50,1) -> 1 | N16: 3 | O16: =SUM(N16/3)*2 -> 2 | P16: 1 | Q16: 1 | R16: 10 | S16: =SUM(F16,H16,J16,M16,O16,P16,Q16) -> 5 | T16: =IFERROR(S16/10,0) -> 0.5 | U16: =S16-10 -> -5 | V16: =IF(T16>=1,"Achieved",IF(T16>=0.7,"Near Target",IF(T16>=0.5,"Average","Low Performance"))) -> Average
A17: 46298 | B17: Abrarul Haque Emon | C17: Batch-1 | D17: OCDL SO | E17: 0 | F17: =IF(E17>0,3,0) -> 0 | G17: 1 | H17: =IF(G17>0,1,0) -> 1 | I17: 1 | J17: =IF(I17>0,1,0) -> 1 | K17: 70 | L17: 54 | M17: =MIN(L17/50,1) -> 1 | N17: 3 | O17: =SUM(N17/3)*2 -> 2 | P17: 1 | Q17: 1 | R17: 10 | S17: =SUM(F17,H17,J17,M17,O17,P17,Q17) -> 7 | T17: =IFERROR(S17/10,0) -> 0.7 | U17: =S17-10 -> -3 | V17: =IF(T17>=1,"Achieved",IF(T17>=0.7,"Near Target",IF(T17>=0.5,"Average","Low Performance"))) -> Near Target
A18: 46298 | B18: Mst Sharmin Akter Nabila | C18: Batch-2 | D18: OCDL SO | E18: 0 | F18: =IF(E18>0,3,0) -> 0 | G18: 0 | H18: =IF(G18>0,1,0) -> 0 | I18: 0 | J18: =IF(I18>0,1,0) -> 0 | K18: 0 | L18: 0 | M18: =MIN(L18/50,1) -> 0 | O18: =SUM(N18/3)*2 -> 0 | P18: 0 | Q18: 0 | R18: 10 | S18: =SUM(F18,H18,J18,M18,O18,P18,Q18) -> 0 | T18: =IFERROR(S18/10,0) -> 0 | U18: =S18-10 -> -10 | V18: =IF(T18>=1,"Achieved",IF(T18>=0.7,"Near Target",IF(T18>=0.5,"Average","Low Performance"))) -> Low Performance | W18: Leave
A19: 46298 | B19: Afroza Yeasmin Rumi | C19: Batch-2 | D19: OCDL SO | E19: 0 | F19: =IF(E19>0,3,0) -> 0 | G19: 0 | H19: =IF(G19>0,1,0) -> 0 | I19: 1 | J19: =IF(I19>0,1,0) -> 1 | K19: 90 | L19: 58 | M19: =MIN(L19/50,1) -> 1 | N19: 3 | O19: =SUM(N19/3)*2 -> 2 | P19: 1 | Q19: 1 | R19: 10 | S19: =SUM(F19,H19,J19,M19,O19,P19,Q19) -> 6 | T19: =IFERROR(S19/10,0) -> 0.6 | U19: =S19-10 -> -4 | V19: =IF(T19>=1,"Achieved",IF(T19>=0.7,"Near Target",IF(T19>=0.5,"Average","Low Performance"))) -> Average
A20: 46298 | B20: Maria Akter Mim | C20: Batch-2 | D20: OCDL SO | E20: 0 | F20: =IF(E20>0,3,0) -> 0 | G20: 0 | H20: =IF(G20>0,1,0) -> 0 | I20: 1 | J20: =IF(I20>0,1,0) -> 1 | K20: 67 | L20: 52 | M20: =MIN(L20/50,1) -> 1 | N20: 3 | O20: =SUM(N20/3)*2 -> 2 | P20: 1 | Q20: 1 | R20: 10 | S20: =SUM(F20,H20,J20,M20,O20,P20,Q20) -> 6 | T20: =IFERROR(S20/10,0) -> 0.6 | U20: =S20-10 -> -4 | V20: =IF(T20>=1,"Achieved",IF(T20>=0.7,"Near Target",IF(T20>=0.5,"Average","Low Performance"))) -> Average
A21: 46298 | B21: Jahid Hasan E | C21: Batch-2 | D21: OCDL SO | E21: 0 | F21: =IF(E21>0,3,0) -> 0 | G21: 0 | H21: =IF(G21>0,1,0) -> 0 | I21: 1 | J21: 0 | K21: 67 | L21: 50 | M21: =MIN(L21/50,1) -> 1 | N21: 3 | O21: =SUM(N21/3)*2 -> 2 | P21: 1 | Q21: 1 | R21: 10 | S21: =SUM(F21,H21,J21,M21,O21,P21,Q21) -> 5 | T21: =IFERROR(S21/10,0) -> 0.5 | U21: =S21-10 -> -5 | V21: =IF(T21>=1,"Achieved",IF(T21>=0.7,"Near Target",IF(T21>=0.5,"Average","Low Performance"))) -> Average
A22: 46298 | B22: Safiqul Islam | C22: Batch-Ind | D22: OCDL SO | E22: 0 | F22: =IF(E22>0,3,0) -> 0 | G22: 0 | H22: =IF(G22>0,1,0) -> 0 | I22: 1 | J22: =IF(I22>0,1,0) -> 1 | K22: 62 | L22: 50 | M22: =MIN(L22/50,1) -> 1 | N22: 3 | O22: =SUM(N22/3)*2 -> 2 | P22: 1 | Q22: 1 | R22: 10 | S22: =SUM(F22,H22,J22,M22,O22,P22,Q22) -> 6 | T22: =IFERROR(S22/10,0) -> 0.6 | U22: =S22-10 -> -4 | V22: =IF(T22>=1,"Achieved",IF(T22>=0.7,"Near Target",IF(T22>=0.5,"Average","Low Performance"))) -> Average
A23: 46298 | B23: Manir Sikder | C23: Batch-Ind | D23: OCDL SO | E23: 0 | F23: =IF(E23>0,3,0) -> 0 | G23: 0 | H23: =IF(G23>0,1,0) -> 0 | I23: 1 | J23: =IF(I23>0,1,0) -> 1 | K23: 60 | L23: 50 | M23: =MIN(L23/50,1) -> 1 | N23: 3 | O23: =SUM(N23/3)*2 -> 2 | P23: 1 | Q23: 1 | R23: 10 | S23: =SUM(F23,H23,J23,M23,O23,P23,Q23) -> 6 | T23: =IFERROR(S23/10,0) -> 0.6 | U23: =S23-10 -> -4 | V23: =IF(T23>=1,"Achieved",IF(T23>=0.7,"Near Target",IF(T23>=0.5,"Average","Low Performance"))) -> Average
A24: 46298 | B24: Yeasin Rasel | C24: Batch-Ind | D24: OCDL SO | E24: 100000 | F24: =IF(E24>0,3,0) -> 3 | G24: 0 | H24: =IF(G24>0,1,0) -> 0 | I24: 1 | J24: =IF(I24>0,1,0) -> 1 | K24: 62 | L24: 52 | M24: =MIN(L24/50,1) -> 1 | N24: 3 | O24: =SUM(N24/3)*2 -> 2 | P24: 1 | Q24: 1 | R24: 10 | S24: =SUM(F24,H24,J24,M24,O24,P24,Q24) -> 9 | T24: =IFERROR(S24/10,0) -> 0.9 | U24: =S24-10 -> -1 | V24: =IF(T24>=1,"Achieved",IF(T24>=0.7,"Near Target",IF(T24>=0.5,"Average","Low Performance"))) -> Near Target
A25: 46299 | B25: Most. Liza Akter | C25: Batch-1 | D25: OCDL SO | E25: 0 | F25: =IF(E25>0,3,0) -> 0 | G25: 0 | H25: =IF(G25>0,1,0) -> 0 | I25: 1 | J25: =IF(I25>0,1,0) -> 1 | K25: 96 | L25: 50 | M25: =MIN(L25/50,1) -> 1 | N25: 3 | O25: =SUM(N25/3)*2 -> 2 | P25: 1 | Q25: 1 | R25: 10 | S25: =SUM(F25,H25,J25,M25,O25,P25,Q25) -> 6 | T25: =IFERROR(S25/10,0) -> 0.6 | U25: =S25-10 -> -4 | V25: =IF(T25>=1,"Achieved",IF(T25>=0.7,"Near Target",IF(T25>=0.5,"Average","Low Performance"))) -> Average
A26: 46299 | B26: Jakir Ahammed Noor | C26: Batch-1 | D26: OCDL SO | E26: 0 | F26: =IF(E26>0,3,0) -> 0 | G26: 0 | H26: =IF(G26>0,1,0) -> 0 | I26: 2 | J26: =IF(I26>0,1,0) -> 1 | K26: 65 | L26: 53 | M26: =MIN(L26/50,1) -> 1 | N26: 3 | O26: =SUM(N26/3)*2 -> 2 | P26: 1 | Q26: 1 | R26: 10 | S26: =SUM(F26,H26,J26,M26,O26,P26,Q26) -> 6 | T26: =IFERROR(S26/10,0) -> 0.6 | U26: =S26-10 -> -4 | V26: =IF(T26>=1,"Achieved",IF(T26>=0.7,"Near Target",IF(T26>=0.5,"Average","Low Performance"))) -> Average
A27: 46299 | B27: Anowar Hossain | C27: Batch-1 | D27: OCDL SO | E27: 0 | F27: =IF(E27>0,3,0) -> 0 | G27: 0 | H27: =IF(G27>0,1,0) -> 0 | I27: 2 | J27: =IF(I27>0,1,0) -> 1 | K27: 70 | L27: 55 | M27: =MIN(L27/50,1) -> 1 | N27: 3 | O27: =SUM(N27/3)*2 -> 2 | P27: 1 | Q27: 1 | R27: 10 | S27: =SUM(F27,H27,J27,M27,O27,P27,Q27) -> 6 | T27: =IFERROR(S27/10,0) -> 0.6 | U27: =S27-10 -> -4 | V27: =IF(T27>=1,"Achieved",IF(T27>=0.7,"Near Target",IF(T27>=0.5,"Average","Low Performance"))) -> Average
A28: 46299 | B28: Abrarul Haque Emon | C28: Batch-1 | D28: OCDL SO | E28: 0 | F28: =IF(E28>0,3,0) -> 0 | G28: 0 | H28: =IF(G28>0,1,0) -> 0 | I28: 3 | J28: =IF(I28>0,1,0) -> 1 | K28: 62 | L28: 51 | M28: =MIN(L28/50,1) -> 1 | N28: 3 | O28: =SUM(N28/3)*2 -> 2 | P28: 1 | Q28: 1 | R28: 10 | S28: =SUM(F28,H28,J28,M28,O28,P28,Q28) -> 6 | T28: =IFERROR(S28/10,0) -> 0.6 | U28: =S28-10 -> -4 | V28: =IF(T28>=1,"Achieved",IF(T28>=0.7,"Near Target",IF(T28>=0.5,"Average","Low Performance"))) -> Average
A29: 46299 | B29: Mst Sharmin Akter Nabila | C29: Batch-2 | D29: OCDL SO | E29: 0 | F29: =IF(E29>0,3,0) -> 0 | G29: 0 | H29: =IF(G29>0,1,0) -> 0 | I29: 0 | J29: =IF(I29>0,1,0) -> 0 | K29: 0 | L29: 0 | M29: =MIN(L29/50,1) -> 0 | O29: =SUM(N29/3)*2 -> 0 | P29: 0 | Q29: 0 | R29: 10 | S29: =SUM(F29,H29,J29,M29,O29,P29,Q29) -> 0 | T29: =IFERROR(S29/10,0) -> 0 | U29: =S29-10 -> -10 | V29: =IF(T29>=1,"Achieved",IF(T29>=0.7,"Near Target",IF(T29>=0.5,"Average","Low Performance"))) -> Low Performance | W29: Leave
A30: 46299 | B30: Afroza Yeasmin Rumi | C30: Batch-2 | D30: OCDL SO | E30: 0 | F30: =IF(E30>0,3,0) -> 0 | G30: 0 | H30: =IF(G30>0,1,0) -> 0 | I30: 1 | J30: =IF(I30>0,1,0) -> 1 | K30: 92 | L30: 54 | M30: =MIN(L30/50,1) -> 1 | N30: 3 | O30: =SUM(N30/3)*2 -> 2 | P30: 1 | Q30: 1 | R30: 10 | S30: =SUM(F30,H30,J30,M30,O30,P30,Q30) -> 6 | T30: =IFERROR(S30/10,0) -> 0.6 | U30: =S30-10 -> -4 | V30: =IF(T30>=1,"Achieved",IF(T30>=0.7,"Near Target",IF(T30>=0.5,"Average","Low Performance"))) -> Average
A31: 46299 | B31: Maria Akter Mim | C31: Batch-2 | D31: OCDL SO | E31: 0 | F31: =IF(E31>0,3,0) -> 0 | G31: 1 | H31: =IF(G31>0,1,0) -> 1 | I31: 0 | J31: =IF(I31>0,1,0) -> 0 | K31: 62 | L31: 53 | M31: =MIN(L31/50,1) -> 1 | N31: 3 | O31: =SUM(N31/3)*2 -> 2 | P31: 1 | Q31: 1 | R31: 10 | S31: =SUM(F31,H31,J31,M31,O31,P31,Q31) -> 6 | T31: =IFERROR(S31/10,0) -> 0.6 | U31: =S31-10 -> -4 | V31: =IF(T31>=1,"Achieved",IF(T31>=0.7,"Near Target",IF(T31>=0.5,"Average","Low Performance"))) -> Average
A32: 46299 | B32: Jahid Hasan E | C32: Batch-2 | D32: OCDL SO | E32: 0 | F32: =IF(E32>0,3,0) -> 0 | G32: 0 | H32: =IF(G32>0,1,0) -> 0 | I32: 1 | J32: =IF(I32>0,1,0) -> 1 | K32: 70 | L32: 51 | M32: =MIN(L32/50,1) -> 1 | N32: 3 | O32: =SUM(N32/3)*2 -> 2 | P32: 1 | Q32: 1 | R32: 10 | S32: =SUM(F32,H32,J32,M32,O32,P32,Q32) -> 6 | T32: =IFERROR(S32/10,0) -> 0.6 | U32: =S32-10 -> -4 | V32: =IF(T32>=1,"Achieved",IF(T32>=0.7,"Near Target",IF(T32>=0.5,"Average","Low Performance"))) -> Average
A33: 46299 | B33: Safiqul Islam | C33: Batch-Ind | D33: OCDL SO | E33: 0 | F33: =IF(E33>0,3,0) -> 0 | G33: 0 | H33: =IF(G33>0,1,0) -> 0 | I33: 2 | J33: =IF(I33>0,1,0) -> 1 | K33: 65 | L33: 52 | M33: =MIN(L33/50,1) -> 1 | N33: 3 | O33: =SUM(N33/3)*2 -> 2 | P33: 1 | Q33: 1 | R33: 10 | S33: =SUM(F33,H33,J33,M33,O33,P33,Q33) -> 6 | T33: =IFERROR(S33/10,0) -> 0.6 | U33: =S33-10 -> -4 | V33: =IF(T33>=1,"Achieved",IF(T33>=0.7,"Near Target",IF(T33>=0.5,"Average","Low Performance"))) -> Average
A34: 46299 | B34: Manir Sikder | C34: Batch-Ind | D34: OCDL SO | E34: 0 | F34: =IF(E34>0,3,0) -> 0 | G34: 0 | H34: =IF(G34>0,1,0) -> 0 | I34: 1 | J34: =IF(I34>0,1,0) -> 1 | K34: 64 | L34: 50 | M34: =MIN(L34/50,1) -> 1 | N34: 3 | O34: =SUM(N34/3)*2 -> 2 | P34: 1 | Q34: 1 | R34: 10 | S34: =SUM(F34,H34,J34,M34,O34,P34,Q34) -> 6 | T34: =IFERROR(S34/10,0) -> 0.6 | U34: =S34-10 -> -4 | V34: =IF(T34>=1,"Achieved",IF(T34>=0.7,"Near Target",IF(T34>=0.5,"Average","Low Performance"))) -> Average
A35: 46299 | B35: Yeasin Rasel | C35: Batch-Ind | D35: OCDL SO | E35: 0 | F35: =IF(E35>0,3,0) -> 0 | G35: 0 | H35: =IF(G35>0,1,0) -> 0 | I35: 1 | J35: =IF(I35>0,1,0) -> 1 | K35: 55 | L35: 50 | M35: =MIN(L35/50,1) -> 1 | N35: 3 | O35: =SUM(N35/3)*2 -> 2 | P35: 1 | Q35: 1 | R35: 10 | S35: =SUM(F35,H35,J35,M35,O35,P35,Q35) -> 6 | T35: =IFERROR(S35/10,0) -> 0.6 | U35: =S35-10 -> -4 | V35: =IF(T35>=1,"Achieved",IF(T35>=0.7,"Near Target",IF(T35>=0.5,"Average","Low Performance"))) -> Average
A36: 46300 | B36: Most. Liza Akter | C36: Batch-1 | D36: OCDL SO | E36: 0 | F36: =IF(E36>0,3,0) -> 0 | G36: 1 | H36: =IF(G36>0,1,0) -> 1 | I36: 1 | J36: =IF(I36>0,1,0) -> 1 | K36: 111 | L36: 55 | M36: =MIN(L36/50,1) -> 1 | N36: 3 | O36: =SUM(N36/3)*2 -> 2 | P36: 1 | Q36: 1 | R36: 10 | S36: =SUM(F36,H36,J36,M36,O36,P36,Q36) -> 7 | T36: =IFERROR(S36/10,0) -> 0.7 | U36: =S36-10 -> -3 | V36: =IF(T36>=1,"Achieved",IF(T36>=0.7,"Near Target",IF(T36>=0.5,"Average","Low Performance"))) -> Near Target
A37: 46300 | B37: Jakir Ahammed Noor | C37: Batch-1 | D37: OCDL SO | E37: 0 | F37: =IF(E37>0,3,0) -> 0 | G37: 1 | H37: =IF(G37>0,1,0) -> 1 | I37: 1 | J37: =IF(I37>0,1,0) -> 1 | K37: 69 | L37: 50 | M37: =MIN(L37/50,1) -> 1 | N37: 3 | O37: =SUM(N37/3)*2 -> 2 | P37: 1 | Q37: 1 | R37: 10 | S37: =SUM(F37,H37,J37,M37,O37,P37,Q37) -> 7 | T37: =IFERROR(S37/10,0) -> 0.7 | U37: =S37-10 -> -3 | V37: =IF(T37>=1,"Achieved",IF(T37>=0.7,"Near Target",IF(T37>=0.5,"Average","Low Performance"))) -> Near Target
A38: 46300 | B38: Anowar Hossain | C38: Batch-1 | D38: OCDL SO | E38: 0 | F38: =IF(E38>0,3,0) -> 0 | G38: 1 | H38: =IF(G38>0,1,0) -> 1 | I38: 1 | J38: =IF(I38>0,1,0) -> 1 | K38: 77 | L38: 52 | M38: =MIN(L38/50,1) -> 1 | N38: 3 | O38: =SUM(N38/3)*2 -> 2 | P38: 1 | Q38: 1 | R38: 10 | S38: =SUM(F38,H38,J38,M38,O38,P38,Q38) -> 7 | T38: =IFERROR(S38/10,0) -> 0.7 | U38: =S38-10 -> -3 | V38: =IF(T38>=1,"Achieved",IF(T38>=0.7,"Near Target",IF(T38>=0.5,"Average","Low Performance"))) -> Near Target
A39: 46300 | B39: Abrarul Haque Emon | C39: Batch-1 | D39: OCDL SO | E39: 0 | F39: =IF(E39>0,3,0) -> 0 | G39: 1 | H39: =IF(G39>0,1,0) -> 1 | I39: 1 | J39: =IF(I39>0,1,0) -> 1 | K39: 82 | L39: 52 | M39: =MIN(L39/50,1) -> 1 | N39: 3 | O39: =SUM(N39/3)*2 -> 2 | P39: 1 | Q39: 1 | R39: 10 | S39: =SUM(F39,H39,J39,M39,O39,P39,Q39) -> 7 | T39: =IFERROR(S39/10,0) -> 0.7 | U39: =S39-10 -> -3 | V39: =IF(T39>=1,"Achieved",IF(T39>=0.7,"Near Target",IF(T39>=0.5,"Average","Low Performance"))) -> Near Target
A40: 46300 | B40: Mahbubur Rahman | C40: Batch-1 | D40: OCDL SO | E40: 0 | F40: =IF(E40>0,3,0) -> 0 | G40: 0 | H40: =IF(G40>0,1,0) -> 0 | I40: 0 | J40: =IF(I40>0,1,0) -> 0 | K40: 0 | L40: 0 | M40: =MIN(L40/50,1) -> 0 | N40: 0 | O40: =SUM(N40/3)*2 -> 0 | P40: 1 | Q40: 1 | R40: 10 | S40: =SUM(F40,H40,J40,M40,O40,P40,Q40) -> 2 | T40: =IFERROR(S40/10,0) -> 0.2 | U40: =S40-10 -> -8 | V40: =IF(T40>=1,"Achieved",IF(T40>=0.7,"Near Target",IF(T40>=0.5,"Average","Low Performance"))) -> Low Performance
A41: 46300 | B41: Mst Sharmin Akter Nabila | C41: Batch-2 | D41: OCDL SO | E41: 0 | F41: =IF(E41>0,3,0) -> 0 | G41: 0 | H41: =IF(G41>0,1,0) -> 0 | I41: 1 | J41: =IF(I41>0,1,0) -> 1 | K41: 70 | L41: 51 | M41: =MIN(L41/50,1) -> 1 | N41: 3 | O41: =SUM(N41/3)*2 -> 2 | P41: 1 | Q41: 1 | R41: 10 | S41: =SUM(F41,H41,J41,M41,O41,P41,Q41) -> 6 | T41: =IFERROR(S41/10,0) -> 0.6 | U41: =S41-10 -> -4 | V41: =IF(T41>=1,"Achieved",IF(T41>=0.7,"Near Target",IF(T41>=0.5,"Average","Low Performance"))) -> Average
... A299: 46326 | B299: Yeasin Rasel | C299: Batch-Ind | D299: OCDL SO | E299: 0 | F299: =IF(E299>0,3,0) -> 0 | G299: 0 | H299: =IF(G299>0,1,0) -> 0 | I299: 0 | J299: =IF(I299>0,1,0) -> 0 | K299: 0 | L299: 0 | M299: =MIN(L299/50,1) -> 0 | N299: 0 | O299: =SUM(N299/3)*2 -> 0 | P299: 0 | Q299: 0 | R299: 10 | S299: =SUM(F299,H299,J299,M299,O299,P299,Q299) -> 0 | T299: =IFERROR(S299/10,0) -> 0 | U299: =S299-10 -> -10 | V299: =IF(T299>=1,"Achieved",IF(T299>=0.7,"Near Target",IF(T299>=0.5,"Average","Low Performance"))) -> Low Performance
E300: =SUBTOTAL(109,E3:E299) -> 1500000 | F300: =SUBTOTAL(109,F3:F299) -> 15 | G300: =SUBTOTAL(109,G3:G299) -> 17 | H300: =SUBTOTAL(109,H3:H299) -> 16 | I300: =SUBTOTAL(109,I3:I299) -> 63 | J300: =SUBTOTAL(109,J3:J299) -> 50 | K300: =SUBTOTAL(109,K3:K299) -> 3858 | L300: =SUBTOTAL(109,L3:L299) -> 2916 | ... Q300: =SUBTOTAL(109,Q3:Q299) -> 57 | R300: =SUBTOTAL(101,'Daily KPI Entry'!$R$3:$R$15) -> 10 | S300: =SUM(F300,H300,J300,M300,O300,P300,Q300) -> 359.06667 | T300: =IFERROR(S300/10,0) -> 35.906667 | U300: =S300-10 -> 349.06667 | V300: =IF(T300>=1,"Achieved",IF(T300>=0.7,"Near Target",IF(T300>=0.5,"Average","Low Performance"))) -> Achieved

Sheet Working Process Daily KPI Entry
A2: Date | B2: Employee | C2: Batch | D2: Branch | E2: Collection Achv. | F2: Collection Point | G2: Int. Meeting Achv. | H2: Int. Meeting Point | I2: Ext. Meeting Achv | J2: Ext. Meeting Point | K2: Talk Time | L2: Client Reach/ Follow-up Achv. | M2: Client Reach/ Follow-up Point | N2: Appointment Achv. | O2: Appointment Point | P2: Dig. Marketing Point | Q2: Att. & Discipline Point | R2: KPI Mark Target | S2: Total KPI Points | T2: KPI Achievement % | U2: Gap | V2: Status | W2: Remarks
A3: 46296 | B3: Abu Sufian Shohag | C3: GM (Br. In Charge) | D3: OCDL SO | E3: 0
A4: 46296 | B4: Nurul Islam Ripon | C4: GM | D4: OCDL SO | E4: 0
A5: 46296 | B5: Touhidul Islam | C5: Sr. AGM | D5: OCDL SO | E5: 0
A6: 46296 | B6: Masud Shahriar | C6: AGM | D6: OCDL SO | E6: 300000 | F6: =IF(E6>0,3,0) -> 3 | G6: 1 | H6: =IF(G6>0,1,0) -> 1 | I6: 1 | J6: 1 | K6: 85 | L6: 50 | M6: =MIN(L6/50,1) -> 1 | N6: 3 | O6: =SUM(N6/3)*2 -> 2 | P6: 1 | Q6: 1 | R6: 10 | S6: =SUM(F6,H6,J6,M6,O6,P6,Q6) -> 10 | T6: =IFERROR(S6/10,0) -> 1 | U6: =S6-10 -> 0 | V6: =IF(T6>=1,"Achieved",IF(T6>=0.7,"Near Target",IF(T6>=0.5,"Average","Low Performance"))) -> Achieved
A7: 46296 | B7: Most. Liza Akter | C7: Batch-1 | D7: OCDL SO | E7: 0 | F7: =IF(E7>0,3,0) -> 0 | G7: 0 | H7: =IF(G7>0,1,0) -> 0 | I7: 1 | J7: =IF(I7>0,1,0) -> 1 | K7: 121 | L7: 52 | M7: =MIN(L7/50,1) -> 1 | N7: 3 | O7: =SUM(N7/3)*2 -> 2 | P7: 1 | Q7: 1 | R7: 10 | S7: =SUM(F7,H7,J7,M7,O7,P7,Q7) -> 6 | T7: =IFERROR(S7/10,0) -> 0.6 | U7: =S7-10 -> -4 | V7: =IF(T7>=1,"Achieved",IF(T7>=0.7,"Near Target",IF(T7>=0.5,"Average","Low Performance"))) -> Average
A8: 46296 | B8: Jakir Ahammed Noor | C8: Batch-1 | D8: OCDL SO | E8: 650000 | F8: =IF(E8>0,3,0) -> 3 | G8: 1 | H8: =IF(G8>0,1,0) -> 1 | I8: 2 | J8: =IF(I8>0,1,0) -> 1 | K8: 66 | L8: 51 | M8: =MIN(L8/50,1) -> 1 | N8: 3 | O8: =SUM(N8/3)*2 -> 2 | P8: 1 | Q8: 1 | R8: 10 | S8: =SUM(F8,H8,J8,M8,O8,P8,Q8) -> 10 | T8: =IFERROR(S8/10,0) -> 1 | U8: =S8-10 -> 0 | V8: =IF(T8>=1,"Achieved",IF(T8>=0.7,"Near Target",IF(T8>=0.5,"Average","Low Performance"))) -> Achieved
A9: 46296 | B9: Anowar Hossain | C9: Batch-1 | D9: OCDL SO | E9: 0 | F9: =IF(E9>0,3,0) -> 0 | G9: 0 | H9: =IF(G9>0,1,0) -> 0 | I9: 1 | J9: 1 | K9: 66 | L9: 52 | M9: =MIN(L9/50,1) -> 1 | N9: 3 | O9: =SUM(N9/3)*2 -> 2 | P9: 1 | Q9: 1 | R9: 10 | S9: =SUM(F9,H9,J9,M9,O9,P9,Q9) -> 6 | T9: =IFERROR(S9/10,0) -> 0.6 | U9: =S9-10 -> -4 | V9: =IF(T9>=1,"Achieved",IF(T9>=0.7,"Near Target",IF(T9>=0.5,"Average","Low Performance"))) -> Average
A10: 46296 | B10: Abrarul Haque Emon | C10: Batch-1 | D10: OCDL SO | E10: 300000 | F10: =IF(E10>0,3,0) -> 3 | G10: 1 | H10: =IF(G10>0,1,0) -> 1 | I10: 1 | J10: 1 | K10: 85 | L10: 50 | M10: =MIN(L10/50,1) -> 1 | N10: 3 | O10: =SUM(N10/3)*2 -> 2 | P10: 1 | Q10: 1 | R10: 10 | S10: =SUM(F10,H10,J10,M10,O10,P10,Q10) -> 10 | T10: =IFERROR(S10/10,0) -> 1 | U10: =S10-10 -> 0 | V10: =IF(T10>=1,"Achieved",IF(T10>=0.7,"Near Target",IF(T10>=0.5,"Average","Low Performance"))) -> Achieved
A11: 46296 | B11: Mst Sharmin Akter Nabila | C11: Batch-2 | D11: OCDL SO | E11: 0 | F11: =IF(E11>0,3,0) -> 0 | G11: 1 | H11: =IF(G11>0,1,0) -> 1 | I11: 0 | J11: 0 | K11: 80 | L11: 67 | M11: =MIN(L11/50,1) -> 1 | N11: 3 | O11: =SUM(N11/3)*2 -> 2 | P11: 1 | Q11: 1 | R11: 10 | S11: =SUM(F11,H11,J11,M11,O11,P11,Q11) -> 6 | T11: =IFERROR(S11/10,0) -> 0.6 | U11: =S11-10 -> -4 | V11: =IF(T11>=1,"Achieved",IF(T11>=0.7,"Near Target",IF(T11>=0.5,"Average","Low Performance"))) -> Average
A12: 46296 | B12: Afroza Yeasmin Rumi | C12: Batch-2 | D12: OCDL SO | E12: 0 | F12: =IF(E12>0,3,0) -> 0 | G12: 0 | H12: =IF(G12>0,1,0) -> 0 | I12: 1 | J12: =IF(I12>0,1,0) -> 1 | K12: 75 | L12: 53 | M12: =MIN(L12/50,1) -> 1 | N12: 3 | O12: =SUM(N12/3)*2 -> 2 | P12: 1 | Q12: 1 | R12: 10 | S12: =SUM(F12,H12,J12,M12,O12,P12,Q12) -> 6 | T12: =IFERROR(S12/10,0) -> 0.6 | U12: =S12-10 -> -4 | V12: =IF(T12>=1,"Achieved",IF(T12>=0.7,"Near Target",IF(T12>=0.5,"Average","Low Performance"))) -> Average
A13: 46296 | B13: Maria Akter Mim | C13: Batch-2 | D13: OCDL SO | E13: 0 | F13: =IF(E13>0,3,0) -> 0 | G13: 0 | H13: =IF(G13>0,1,0) -> 0 | I13: 1 | J13: 1 | K13: 64 | L13: 50 | M13: =MIN(L13/50,1) -> 1 | N13: 3 | O13: =SUM(N13/3)*2 -> 2 | P13: 1 | Q13: 1 | R13: 10 | S13: =SUM(F13,H13,J13,M13,O13,P13,Q13) -> 6 | T13: =IFERROR(S13/10,0) -> 0.6 | U13: =S13-10 -> -4 | V13: =IF(T13>=1,"Achieved",IF(T13>=0.7,"Near Target",IF(T13>=0.5,"Average","Low Performance"))) -> Average
A14: 46296 | B14: Jahid Hasan E | C14: Batch-2 | D14: OCDL SO | E14: 0 | F14: =IF(E14>0,3,0) -> 0 | G14: 0 | H14: =IF(G14>0,1,0) -> 0 | I14: 1 | J14: =IF(I14>0,1,0) -> 1 | K14: 65 | L14: 50 | M14: =MIN(L14/50,1) -> 1 | N14: 3 | O14: =SUM(N14/3)*2 -> 2 | P14: 1 | Q14: 1 | R14: 10 | S14: =SUM(F14,H14,J14,M14,O14,P14,Q14) -> 6 | T14: =IFERROR(S14/10,0) -> 0.6 | U14: =S14-10 -> -4 | V14: =IF(T14>=1,"Achieved",IF(T14>=0.7,"Near Target",IF(T14>=0.5,"Average","Low Performance"))) -> Average
A15: 46296 | B15: Safiqul Islam | C15: Batch-Ind | D15: OCDL SO | E15: 0 | F15: =IF(E15>0,3,0) -> 0 | G15: 0 | H15: =IF(G15>0,1,0) -> 0 | I15: 2 | J15: =IF(I15>0,1,0) -> 1 | K15: 75 | L15: 55 | M15: =MIN(L15/50,1) -> 1 | N15: 3 | O15: =SUM(N15/3)*2 -> 2 | P15: 1 | Q15: 1 | R15: 10 | S15: =SUM(F15,H15,J15,M15,O15,P15,Q15) -> 6 | T15: =IFERROR(S15/10,0) -> 0.6 | U15: =S15-10 -> -4 | V15: =IF(T15>=1,"Achieved",IF(T15>=0.7,"Near Target",IF(T15>=0.5,"Average","Low Performance"))) -> Average
A16: 46296 | B16: Manir Sikder | C16: Batch-Ind | D16: OCDL SO | E16: 0 | F16: =IF(E16>0,3,0) -> 0 | G16: 0 | H16: =IF(G16>0,1,0) -> 0 | I16: 2 | J16: =IF(I16>0,1,0) -> 1 | K16: 60 | L16: 50 | M16: =MIN(L16/50,1) -> 1 | N16: 3 | O16: =SUM(N16/3)*2 -> 2 | P16: 1 | Q16: 1 | R16: 10 | S16: =SUM(F16,H16,J16,M16,O16,P16,Q16) -> 6 | T16: =IFERROR(S16/10,0) -> 0.6 | U16: =S16-10 -> -4 | V16: =IF(T16>=1,"Achieved",IF(T16>=0.7,"Near Target",IF(T16>=0.5,"Average","Low Performance"))) -> Average
A17: 46296 | B17: Yeasin Rasel | C17: Batch-Ind | D17: OCDL SO | E17: 400000 | F17: =IF(E17>0,3,0) -> 3 | G17: 1 | H17: =IF(G17>0,1,0) -> 1 | I17: 1 | J17: =IF(I17>0,1,0) -> 1 | K17: 46 | L17: 50 | M17: =MIN(L17/50,1) -> 1 | N17: 3 | O17: =SUM(N17/3)*2 -> 2 | P17: 1 | Q17: 1 | R17: 10 | S17: =SUM(F17,H17,J17,M17,O17,P17,Q17) -> 10 | T17: =IFERROR(S17/10,0) -> 1 | U17: =S17-10 -> 0 | V17: =IF(T17>=1,"Achieved",IF(T17>=0.7,"Near Target",IF(T17>=0.5,"Average","Low Performance"))) -> Achieved
A18: 46298 | B18: Abu Sufian Shohag | C18: GM (Br. In Charge) | D18: OCDL SO | E18: 0 | F18: =IF(E18>0,3,0) -> 0 | G18: 0 | H18: =IF(G18>0,1,0) -> 0 | I18: 0 | J18: =IF(I18>0,1,0) -> 0 | K18: 0 | L18: 0 | M18: =MIN(L18/50,1) -> 0 | N18: 0 | O18: =SUM(N18/3)*2 -> 0 | P18: 0 | Q18: 0 | R18: 10 | S18: =SUM(F18,H18,J18,M18,O18,P18,Q18) -> 0 | T18: =IFERROR(S18/10,0) -> 0 | U18: =S18-10 -> -10 | V18: =IF(T18>=1,"Achieved",IF(T18>=0.7,"Near Target",IF(T18>=0.5,"Average","Low Performance"))) -> Low Performance
A19: 46298 | B19: Nurul Islam Ripon | C19: GM | D19: OCDL SO | E19: 0 | F19: =IF(E19>0,3,0) -> 0 | G19: 0 | H19: =IF(G19>0,1,0) -> 0 | I19: 0 | J19: =IF(I19>0,1,0) -> 0 | K19: 0 | L19: 0 | M19: =MIN(L19/50,1) -> 0 | N19: 0 | O19: =SUM(N19/3)*2 -> 0 | P19: 0 | Q19: 0 | R19: 10 | S19: =SUM(F19,H19,J19,M19,O19,P19,Q19) -> 0 | T19: =IFERROR(S19/10,0) -> 0 | U19: =S19-10 -> -10 | V19: =IF(T19>=1,"Achieved",IF(T19>=0.7,"Near Target",IF(T19>=0.5,"Average","Low Performance"))) -> Low Performance
A20: 46298 | B20: Touhidul Islam | C20: Sr. AGM | D20: OCDL SO | E20: 0 | F20: =IF(E20>0,3,0) -> 0 | G20: 0 | H20: =IF(G20>0,1,0) -> 0 | I20: 0 | J20: =IF(I20>0,1,0) -> 0 | K20: 0 | L20: 0 | M20: =MIN(L20/50,1) -> 0 | N20: 0 | O20: =SUM(N20/3)*2 -> 0 | P20: 0 | Q20: 0 | R20: 10 | S20: =SUM(F20,H20,J20,M20,O20,P20,Q20) -> 0 | T20: =IFERROR(S20/10,0) -> 0 | U20: =S20-10 -> -10 | V20: =IF(T20>=1,"Achieved",IF(T20>=0.7,"Near Target",IF(T20>=0.5,"Average","Low Performance"))) -> Low Performance
A21: 46298 | B21: Masud Shahriar | C21: AGM | D21: OCDL SO | E21: 0 | F21: =IF(E21>0,3,0) -> 0 | G21: 0 | H21: =IF(G21>0,1,0) -> 0 | I21: 0 | J21: =IF(I21>0,1,0) -> 0 | K21: 0 | L21: 0 | M21: =MIN(L21/50,1) -> 0 | N21: 0 | O21: =SUM(N21/3)*2 -> 0 | P21: 0 | Q21: 0 | R21: 10 | S21: =SUM(F21,H21,J21,M21,O21,P21,Q21) -> 0 | T21: =IFERROR(S21/10,0) -> 0 | U21: =S21-10 -> -10 | V21: =IF(T21>=1,"Achieved",IF(T21>=0.7,"Near Target",IF(T21>=0.5,"Average","Low Performance"))) -> Low Performance
A22: 46298 | B22: Most. Liza Akter | C22: Batch-1 | D22: OCDL SO | E22: 0 | F22: =IF(E22>0,3,0) -> 0 | G22: 0 | H22: =IF(G22>0,1,0) -> 0 | I22: 1 | J22: 0 | K22: 101 | L22: 53 | M22: =MIN(L22/50,1) -> 1 | N22: 3 | O22: =SUM(N22/3)*2 -> 2 | P22: 1 | Q22: 1 | R22: 10 | S22: =SUM(F22,H22,J22,M22,O22,P22,Q22) -> 5 | T22: =IFERROR(S22/10,0) -> 0.5 | U22: =S22-10 -> -5 | V22: =IF(T22>=1,"Achieved",IF(T22>=0.7,"Near Target",IF(T22>=0.5,"Average","Low Performance"))) -> Average
A23: 46298 | B23: Jakir Ahammed Noor | C23: Batch-1 | D23: OCDL SO | E23: 0 | F23: =IF(E23>0,3,0) -> 0 | G23: 0 | H23: =IF(G23>0,1,0) -> 0 | I23: 1 | J23: =IF(I23>0,1,0) -> 1 | K23: 61 | L23: 52 | M23: =MIN(L23/50,1) -> 1 | N23: 3 | O23: =SUM(N23/3)*2 -> 2 | P23: 1 | Q23: 1 | R23: 10 | S23: =SUM(F23,H23,J23,M23,O23,P23,Q23) -> 6 | T23: =IFERROR(S23/10,0) -> 0.6 | U23: =S23-10 -> -4 | V23: =IF(T23>=1,"Achieved",IF(T23>=0.7,"Near Target",IF(T23>=0.5,"Average","Low Performance"))) -> Average
A24: 46298 | B24: Anowar Hossain | C24: Batch-1 | D24: OCDL SO | E24: 0 | F24: =IF(E24>0,3,0) -> 0 | G24: 0 | H24: =IF(G24>0,1,0) -> 0 | I24: 1 | J24: 0 | K24: 68 | L24: 58 | M24: =MIN(L24/50,1) -> 1 | N24: 3 | O24: =SUM(N24/3)*2 -> 2 | P24: 1 | Q24: 1 | R24: 10 | S24: =SUM(F24,H24,J24,M24,O24,P24,Q24) -> 5 | T24: =IFERROR(S24/10,0) -> 0.5 | U24: =S24-10 -> -5 | V24: =IF(T24>=1,"Achieved",IF(T24>=0.7,"Near Target",IF(T24>=0.5,"Average","Low Performance"))) -> Average
A25: 46298 | B25: Abrarul Haque Emon | C25: Batch-1 | D25: OCDL SO | E25: 0 | F25: =IF(E25>0,3,0) -> 0 | G25: 1 | H25: =IF(G25>0,1,0) -> 1 | I25: 1 | J25: =IF(I25>0,1,0) -> 1 | K25: 70 | L25: 54 | M25: =MIN(L25/50,1) -> 1 | N25: 3 | O25: =SUM(N25/3)*2 -> 2 | P25: 1 | Q25: 1 | R25: 10 | S25: =SUM(F25,H25,J25,M25,O25,P25,Q25) -> 7 | T25: =IFERROR(S25/10,0) -> 0.7 | U25: =S25-10 -> -3 | V25: =IF(T25>=1,"Achieved",IF(T25>=0.7,"Near Target",IF(T25>=0.5,"Average","Low Performance"))) -> Near Target
A26: 46298 | B26: Mst Sharmin Akter Nabila | C26: Batch-2 | D26: OCDL SO | E26: 0 | F26: =IF(E26>0,3,0) -> 0 | G26: 0 | H26: =IF(G26>0,1,0) -> 0 | I26: 0 | J26: =IF(I26>0,1,0) -> 0 | K26: 0 | L26: 0 | M26: =MIN(L26/50,1) -> 0 | O26: =SUM(N26/3)*2 -> 0 | P26: 0 | Q26: 0 | R26: 10 | S26: =SUM(F26,H26,J26,M26,O26,P26,Q26) -> 0 | T26: =IFERROR(S26/10,0) -> 0 | U26: =S26-10 -> -10 | V26: =IF(T26>=1,"Achieved",IF(T26>=0.7,"Near Target",IF(T26>=0.5,"Average","Low Performance"))) -> Low Performance | W26: Leave
A27: 46298 | B27: Afroza Yeasmin Rumi | C27: Batch-2 | D27: OCDL SO | E27: 0 | F27: =IF(E27>0,3,0) -> 0 | G27: 0 | H27: =IF(G27>0,1,0) -> 0 | I27: 1 | J27: =IF(I27>0,1,0) -> 1 | K27: 90 | L27: 58 | M27: =MIN(L27/50,1) -> 1 | N27: 3 | O27: =SUM(N27/3)*2 -> 2 | P27: 1 | Q27: 1 | R27: 10 | S27: =SUM(F27,H27,J27,M27,O27,P27,Q27) -> 6 | T27: =IFERROR(S27/10,0) -> 0.6 | U27: =S27-10 -> -4 | V27: =IF(T27>=1,"Achieved",IF(T27>=0.7,"Near Target",IF(T27>=0.5,"Average","Low Performance"))) -> Average
A28: 46298 | B28: Maria Akter Mim | C28: Batch-2 | D28: OCDL SO | E28: 0 | F28: =IF(E28>0,3,0) -> 0 | G28: 0 | H28: =IF(G28>0,1,0) -> 0 | I28: 1 | J28: =IF(I28>0,1,0) -> 1 | K28: 67 | L28: 52 | M28: =MIN(L28/50,1) -> 1 | N28: 3 | O28: =SUM(N28/3)*2 -> 2 | P28: 1 | Q28: 1 | R28: 10 | S28: =SUM(F28,H28,J28,M28,O28,P28,Q28) -> 6 | T28: =IFERROR(S28/10,0) -> 0.6 | U28: =S28-10 -> -4 | V28: =IF(T28>=1,"Achieved",IF(T28>=0.7,"Near Target",IF(T28>=0.5,"Average","Low Performance"))) -> Average
A29: 46298 | B29: Jahid Hasan E | C29: Batch-2 | D29: OCDL SO | E29: 0 | F29: =IF(E29>0,3,0) -> 0 | G29: 0 | H29: =IF(G29>0,1,0) -> 0 | I29: 1 | J29: 0 | K29: 67 | L29: 50 | M29: =MIN(L29/50,1) -> 1 | N29: 3 | O29: =SUM(N29/3)*2 -> 2 | P29: 1 | Q29: 1 | R29: 10 | S29: =SUM(F29,H29,J29,M29,O29,P29,Q29) -> 5 | T29: =IFERROR(S29/10,0) -> 0.5 | U29: =S29-10 -> -5 | V29: =IF(T29>=1,"Achieved",IF(T29>=0.7,"Near Target",IF(T29>=0.5,"Average","Low Performance"))) -> Average
A30: 46298 | B30: Safiqul Islam | C30: Batch-Ind | D30: OCDL SO | E30: 0 | F30: =IF(E30>0,3,0) -> 0 | G30: 0 | H30: =IF(G30>0,1,0) -> 0 | I30: 1 | J30: =IF(I30>0,1,0) -> 1 | K30: 62 | L30: 50 | M30: =MIN(L30/50,1) -> 1 | N30: 3 | O30: =SUM(N30/3)*2 -> 2 | P30: 1 | Q30: 1 | R30: 10 | S30: =SUM(F30,H30,J30,M30,O30,P30,Q30) -> 6 | T30: =IFERROR(S30/10,0) -> 0.6 | U30: =S30-10 -> -4 | V30: =IF(T30>=1,"Achieved",IF(T30>=0.7,"Near Target",IF(T30>=0.5,"Average","Low Performance"))) -> Average
A31: 46298 | B31: Manir Sikder | C31: Batch-Ind | D31: OCDL SO | E31: 0 | F31: =IF(E31>0,3,0) -> 0 | G31: 0 | H31: =IF(G31>0,1,0) -> 0 | I31: 1 | J31: =IF(I31>0,1,0) -> 1 | K31: 60 | L31: 50 | M31: =MIN(L31/50,1) -> 1 | N31: 3 | O31: =SUM(N31/3)*2 -> 2 | P31: 1 | Q31: 1 | R31: 10 | S31: =SUM(F31,H31,J31,M31,O31,P31,Q31) -> 6 | T31: =IFERROR(S31/10,0) -> 0.6 | U31: =S31-10 -> -4 | V31: =IF(T31>=1,"Achieved",IF(T31>=0.7,"Near Target",IF(T31>=0.5,"Average","Low Performance"))) -> Average
A32: 46298 | B32: Yeasin Rasel | C32: Batch-Ind | D32: OCDL SO | E32: 100000 | F32: =IF(E32>0,3,0) -> 3 | G32: 0 | H32: =IF(G32>0,1,0) -> 0 | I32: 1 | J32: =IF(I32>0,1,0) -> 1 | K32: 62 | L32: 52 | M32: =MIN(L32/50,1) -> 1 | N32: 3 | O32: =SUM(N32/3)*2 -> 2 | P32: 1 | Q32: 1 | R32: 10 | S32: =SUM(F32,H32,J32,M32,O32,P32,Q32) -> 9 | T32: =IFERROR(S32/10,0) -> 0.9 | U32: =S32-10 -> -1 | V32: =IF(T32>=1,"Achieved",IF(T32>=0.7,"Near Target",IF(T32>=0.5,"Average","Low Performance"))) -> Near Target
A33: 46299 | B33: Abu Sufian Shohag | C33: GM (Br. In Charge) | D33: OCDL SO | E33: 0 | F33: =IF(E33>0,3,0) -> 0 | G33: 0 | H33: =IF(G33>0,1,0) -> 0 | I33: 0 | J33: =IF(I33>0,1,0) -> 0 | K33: 0 | L33: 0 | M33: =MIN(L33/50,1) -> 0 | N33: 0 | O33: =SUM(N33/3)*2 -> 0 | P33: 0 | Q33: 0 | R33: 10 | S33: =SUM(F33,H33,J33,M33,O33,P33,Q33) -> 0 | T33: =IFERROR(S33/10,0) -> 0 | U33: =S33-10 -> -10 | V33: =IF(T33>=1,"Achieved",IF(T33>=0.7,"Near Target",IF(T33>=0.5,"Average","Low Performance"))) -> Low Performance
A34: 46299 | B34: Nurul Islam Ripon | C34: GM | D34: OCDL SO | E34: 0 | F34: =IF(E34>0,3,0) -> 0 | G34: 0 | H34: =IF(G34>0,1,0) -> 0 | I34: 0 | J34: =IF(I34>0,1,0) -> 0 | K34: 0 | L34: 0 | M34: =MIN(L34/50,1) -> 0 | N34: 0 | O34: =SUM(N34/3)*2 -> 0 | P34: 0 | Q34: 0 | R34: 10 | S34: =SUM(F34,H34,J34,M34,O34,P34,Q34) -> 0 | T34: =IFERROR(S34/10,0) -> 0 | U34: =S34-10 -> -10 | V34: =IF(T34>=1,"Achieved",IF(T34>=0.7,"Near Target",IF(T34>=0.5,"Average","Low Performance"))) -> Low Performance
A35: 46299 | B35: Touhidul Islam | C35: Sr. AGM | D35: OCDL SO | E35: 0 | F35: =IF(E35>0,3,0) -> 0 | G35: 0 | H35: =IF(G35>0,1,0) -> 0 | I35: 0 | J35: =IF(I35>0,1,0) -> 0 | K35: 0 | L35: 0 | M35: =MIN(L35/50,1) -> 0 | N35: 0 | O35: =SUM(N35/3)*2 -> 0 | P35: 0 | Q35: 0 | R35: 10 | S35: =SUM(F35,H35,J35,M35,O35,P35,Q35) -> 0 | T35: =IFERROR(S35/10,0) -> 0 | U35: =S35-10 -> -10 | V35: =IF(T35>=1,"Achieved",IF(T35>=0.7,"Near Target",IF(T35>=0.5,"Average","Low Performance"))) -> Low Performance
A36: 46299 | B36: Masud Shahriar | C36: AGM | D36: OCDL SO | E36: 0 | F36: =IF(E36>0,3,0) -> 0 | G36: 0 | H36: =IF(G36>0,1,0) -> 0 | I36: 0 | J36: =IF(I36>0,1,0) -> 0 | K36: 0 | L36: 0 | M36: =MIN(L36/50,1) -> 0 | N36: 0 | O36: =SUM(N36/3)*2 -> 0 | P36: 0 | Q36: 0 | R36: 10 | S36: =SUM(F36,H36,J36,M36,O36,P36,Q36) -> 0 | T36: =IFERROR(S36/10,0) -> 0 | U36: =S36-10 -> -10 | V36: =IF(T36>=1,"Achieved",IF(T36>=0.7,"Near Target",IF(T36>=0.5,"Average","Low Performance"))) -> Low Performance
A37: 46299 | B37: Most. Liza Akter | C37: Batch-1 | D37: OCDL SO | E37: 0 | F37: =IF(E37>0,3,0) -> 0 | G37: 0 | H37: =IF(G37>0,1,0) -> 0 | I37: 0 | J37: =IF(I37>0,1,0) -> 0 | K37: 0 | L37: 0 | M37: =MIN(L37/50,1) -> 0 | N37: 0 | O37: =SUM(N37/3)*2 -> 0 | P37: 0 | Q37: 0 | R37: 10 | S37: =SUM(F37,H37,J37,M37,O37,P37,Q37) -> 0 | T37: =IFERROR(S37/10,0) -> 0 | U37: =S37-10 -> -10 | V37: =IF(T37>=1,"Achieved",IF(T37>=0.7,"Near Target",IF(T37>=0.5,"Average","Low Performance"))) -> Low Performance
A38: 46299 | B38: Jakir Ahammed Noor | C38: Batch-1 | D38: OCDL SO | E38: 0 | F38: =IF(E38>0,3,0) -> 0 | G38: 0 | H38: =IF(G38>0,1,0) -> 0 | I38: 0 | J38: =IF(I38>0,1,0) -> 0 | K38: 0 | L38: 0 | M38: =MIN(L38/50,1) -> 0 | N38: 0 | O38: =SUM(N38/3)*2 -> 0 | P38: 0 | Q38: 0 | R38: 10 | S38: =SUM(F38,H38,J38,M38,O38,P38,Q38) -> 0 | T38: =IFERROR(S38/10,0) -> 0 | U38: =S38-10 -> -10 | V38: =IF(T38>=1,"Achieved",IF(T38>=0.7,"Near Target",IF(T38>=0.5,"Average","Low Performance"))) -> Low Performance
A39: 46299 | B39: Anowar Hossain | C39: Batch-1 | D39: OCDL SO | E39: 0 | F39: =IF(E39>0,3,0) -> 0 | G39: 0 | H39: =IF(G39>0,1,0) -> 0 | I39: 0 | J39: =IF(I39>0,1,0) -> 0 | K39: 0 | L39: 0 | M39: =MIN(L39/50,1) -> 0 | N39: 0 | O39: =SUM(N39/3)*2 -> 0 | P39: 0 | Q39: 0 | R39: 10 | S39: =SUM(F39,H39,J39,M39,O39,P39,Q39) -> 0 | T39: =IFERROR(S39/10,0) -> 0 | U39: =S39-10 -> -10 | V39: =IF(T39>=1,"Achieved",IF(T39>=0.7,"Near Target",IF(T39>=0.5,"Average","Low Performance"))) -> Low Performance
A40: 46299 | B40: Abrarul Haque Emon | C40: Batch-1 | D40: OCDL SO | E40: 0 | F40: =IF(E40>0,3,0) -> 0 | G40: 0 | H40: =IF(G40>0,1,0) -> 0 | I40: 0 | J40: =IF(I40>0,1,0) -> 0 | K40: 0 | L40: 0 | M40: =MIN(L40/50,1) -> 0 | N40: 0 | O40: =SUM(N40/3)*2 -> 0 | P40: 0 | Q40: 0 | R40: 10 | S40: =SUM(F40,H40,J40,M40,O40,P40,Q40) -> 0 | T40: =IFERROR(S40/10,0) -> 0 | U40: =S40-10 -> -10 | V40: =IF(T40>=1,"Achieved",IF(T40>=0.7,"Near Target",IF(T40>=0.5,"Average","Low Performance"))) -> Low Performance
A41: 46299 | B41: Mst Sharmin Akter Nabila | C41: Batch-2 | D41: OCDL SO | E41: 0 | F41: =IF(E41>0,3,0) -> 0 | G41: 0 | H41: =IF(G41>0,1,0) -> 0 | I41: 0 | J41: =IF(I41>0,1,0) -> 0 | K41: 0 | L41: 0 | M41: =MIN(L41/50,1) -> 0 | N41: 0 | O41: =SUM(N41/3)*2 -> 0 | P41: 0 | Q41: 0 | R41: 10 | S41: =SUM(F41,H41,J41,M41,O41,P41,Q41) -> 0 | T41: =IFERROR(S41/10,0) -> 0 | U41: =S41-10 -> -10 | V41: =IF(T41>=1,"Achieved",IF(T41>=0.7,"Near Target",IF(T41>=0.5,"Average","Low Performance"))) -> Low Performance
... A392: 46326 | B392: Yeasin Rasel | C392: Batch-Ind | D392: OCDL SO | E392: 0 | F392: =IF(E392>0,3,0) -> 0 | G392: 0 | H392: =IF(G392>0,1,0) -> 0 | I392: 0 | J392: =IF(I392>0,1,0) -> 0 | K392: 0 | L392: 0 | M392: =MIN(L392/50,1) -> 0 | N392: 0 | O392: =SUM(N392/3)*2 -> 0 | P392: 0 | Q392: 0 | R392: 10 | S392: =SUM(F392,H392,J392,M392,O392,P392,Q392) -> 0 | T392: =IFERROR(S392/10,0) -> 0 | U392: =S392-10 -> -10 | V392: =IF(T392>=1,"Achieved",IF(T392>=0.7,"Near Target",IF(T392>=0.5,"Average","Low Performance"))) -> Low Performance
E393: =SUBTOTAL(109,E7:E392) -> 1450000 | F393: =SUBTOTAL(109,F7:F392) -> 12 | G393: =SUBTOTAL(109,G7:G392) -> 5 | H393: =SUBTOTAL(109,H7:H392) -> 5 | I393: =SUBTOTAL(109,I7:I392) -> 23 | J393: =SUBTOTAL(109,J7:J392) -> 17 | K393: =SUBTOTAL(109,K7:K392) -> 1511 | L393: =SUBTOTAL(109,L7:L392) -> 1109 | ... Q393: =SUBTOTAL(109,Q7:Q392) -> 21 | R393: =SUBTOTAL(101,'Daily KPI Entry'!$R$3:$R$15) -> 10 | S393: =SUM(F393,H393,J393,M393,O393,P393,Q393) -> 139 | T393: =IFERROR(S393/10,0) -> 13.9 | U393: =S393-10 -> 129 | V393: =IF(T393>=1,"Achieved",IF(T393>=0.7,"Near Target",IF(T393>=0.5,"Average","Low Performance"))) -> Achieved

Sheet Daily KPI Entry
A1: Daily KPI Dashboard — OCDL Sales Office : 06-October-2026
A2: Date | B2: Employee | C2: Batch | D2: Branch | E2: Collection Achv. | F2: Collection Point | G2: Int. Meeting Achv. | H2: Int. Meeting Point | I2: Ext. Meeting Achv | J2: Ext. Meeting Point | K2: Talk Time | L2: Client Reach/ Follow-up Achv. | M2: Client Reach/ Follow-up Point | N2: Appointment Achv. | O2: Appointment Point | P2: Dig. Marketing Point | Q2: Att. & Discipline Point | R2: KPI Mark Target | S2: Total KPI Points | T2: KPI Achievement % | U2: Gap | V2: Status | W2: Remarks
A3: 46301 | B3: Most. Liza Akter | C3: Batch-1 | D3: OCDL SO | E3: 50000 | F3: =IF(E3>0,3,0) -> 3 | G3: 1 | H3: =IF(G3>0,1,0) -> 1 | I3: 1 | J3: =IF(I3>0,1,0) -> 1 | K3: 108 | L3: 56 | M3: =MIN(L3/50,1) -> 1 | N3: 3 | O3: =SUM(N3/3)*2 -> 2 | P3: 1 | Q3: 1 | R3: 10 | S3: =SUM(F3,H3,J3,M3,O3,P3,Q3) -> 10 | T3: =IFERROR(S3/10,0) -> 1 | U3: =S3-10 -> 0 | V3: =IF(T3>=1,"Achieved",IF(T3>=0.7,"Near Target",IF(T3>=0.5,"Average","Low Performance"))) -> Achieved
A4: 46301 | B4: Jakir Ahammed Noor | C4: Batch-1 | D4: OCDL SO | E4: 0 | F4: =IF(E4>0,3,0) -> 0 | G4: 0 | H4: =IF(G4>0,1,0) -> 0 | I4: 1 | J4: =IF(I4>0,1,0) -> 1 | K4: 69 | L4: 55 | M4: =MIN(L4/50,1) -> 1 | N4: 3 | O4: =SUM(N4/3)*2 -> 2 | P4: 1 | Q4: 1 | R4: 10 | S4: =SUM(F4,H4,J4,M4,O4,P4,Q4) -> 6 | T4: =IFERROR(S4/10,0) -> 0.6 | U4: =S4-10 -> -4 | V4: =IF(T4>=1,"Achieved",IF(T4>=0.7,"Near Target",IF(T4>=0.5,"Average","Low Performance"))) -> Average
A5: 46301 | B5: Anowar Hossain | C5: Batch-1 | D5: OCDL SO | E5: 0 | F5: =IF(E5>0,3,0) -> 0 | G5: 1 | H5: =IF(G5>0,1,0) -> 1 | I5: 1 | J5: =IF(I5>0,1,0) -> 1 | K5: 65 | L5: 53 | M5: =MIN(L5/50,1) -> 1 | N5: 3 | O5: =SUM(N5/3)*2 -> 2 | P5: 1 | Q5: 1 | R5: 10 | S5: =SUM(F5,H5,J5,M5,O5,P5,Q5) -> 7 | T5: =IFERROR(S5/10,0) -> 0.7 | U5: =S5-10 -> -3 | V5: =IF(T5>=1,"Achieved",IF(T5>=0.7,"Near Target",IF(T5>=0.5,"Average","Low Performance"))) -> Near Target
A6: 46301 | B6: Abrarul Haque Emon | C6: Batch-1 | D6: OCDL SO | E6: 0 | F6: =IF(E6>0,3,0) -> 0 | G6: 0 | H6: =IF(G6>0,1,0) -> 0 | I6: 1 | J6: =IF(I6>0,1,0) -> 1 | K6: 79 | L6: 52 | M6: =MIN(L6/50,1) -> 1 | N6: 3 | O6: =SUM(N6/3)*2 -> 2 | P6: 1 | Q6: 1 | R6: 10 | S6: =SUM(F6,H6,J6,M6,O6,P6,Q6) -> 6 | T6: =IFERROR(S6/10,0) -> 0.6 | U6: =S6-10 -> -4 | V6: =IF(T6>=1,"Achieved",IF(T6>=0.7,"Near Target",IF(T6>=0.5,"Average","Low Performance"))) -> Average
A7: 46301 | B7: Mahbubur Rahman | C7: Batch-1 | D7: OCDL SO | E7: 0 | F7: =IF(E7>0,3,0) -> 0 | G7: 0 | H7: =IF(G7>0,1,0) -> 0 | I7: 0 | J7: =IF(I7>0,1,0) -> 0 | K7: 25 | L7: 20 | M7: =MIN(L7/50,1) -> 0.4 | N7: 0 | O7: =SUM(N7/3)*2 -> 0 | P7: 1 | Q7: 1 | R7: 10 | S7: =SUM(F7,H7,J7,M7,O7,P7,Q7) -> 2.4 | T7: =IFERROR(S7/10,0) -> 0.24 | U7: =S7-10 -> -7.6 | V7: =IF(T7>=1,"Achieved",IF(T7>=0.7,"Near Target",IF(T7>=0.5,"Average","Low Performance"))) -> Low Performance
A8: 46301 | B8: Mst Sharmin Akter Nabila | C8: Batch-2 | D8: OCDL SO | E8: 0 | F8: =IF(E8>0,3,0) -> 0 | G8: 0 | H8: =IF(G8>0,1,0) -> 0 | I8: 1 | J8: =IF(I8>0,1,0) -> 1 | K8: 80 | L8: 56 | M8: =MIN(L8/50,1) -> 1 | N8: 3 | O8: =SUM(N8/3)*2 -> 2 | P8: 1 | Q8: 1 | R8: 10 | S8: =SUM(F8,H8,J8,M8,O8,P8,Q8) -> 6 | T8: =IFERROR(S8/10,0) -> 0.6 | U8: =S8-10 -> -4 | V8: =IF(T8>=1,"Achieved",IF(T8>=0.7,"Near Target",IF(T8>=0.5,"Average","Low Performance"))) -> Average
A9: 46301 | B9: Afroza Yeasmin Rumi | C9: Batch-2 | D9: OCDL SO | E9: 0 | F9: =IF(E9>0,3,0) -> 0 | G9: 0 | H9: =IF(G9>0,1,0) -> 0 | I9: 1 | J9: =IF(I9>0,1,0) -> 1 | K9: 75 | L9: 51 | M9: =MIN(L9/50,1) -> 1 | N9: 3 | O9: =SUM(N9/3)*2 -> 2 | P9: 1 | Q9: 1 | R9: 10 | S9: =SUM(F9,H9,J9,M9,O9,P9,Q9) -> 6 | T9: =IFERROR(S9/10,0) -> 0.6 | U9: =S9-10 -> -4 | V9: =IF(T9>=1,"Achieved",IF(T9>=0.7,"Near Target",IF(T9>=0.5,"Average","Low Performance"))) -> Average
A10: 46301 | B10: Jahid Hasan E | C10: Batch-2 | D10: OCDL SO | E10: 0 | F10: =IF(E10>0,3,0) -> 0 | G10: 0 | H10: =IF(G10>0,1,0) -> 0 | I10: 1 | J10: =IF(I10>0,1,0) -> 1 | K10: 68 | L10: 52 | M10: =MIN(L10/50,1) -> 1 | N10: 3 | O10: =SUM(N10/3)*2 -> 2 | P10: 1 | Q10: 1 | R10: 10 | S10: =SUM(F10,H10,J10,M10,O10,P10,Q10) -> 6 | T10: =IFERROR(S10/10,0) -> 0.6 | U10: =S10-10 -> -4 | V10: =IF(T10>=1,"Achieved",IF(T10>=0.7,"Near Target",IF(T10>=0.5,"Average","Low Performance"))) -> Average
A11: 46301 | B11: Soniya Akter Putul | C11: Batch-2 | D11: OCDL SO | E11: 0 | F11: =IF(E11>0,3,0) -> 0 | G11: 0 | H11: =IF(G11>0,1,0) -> 0 | I11: 1 | J11: =IF(I11>0,1,0) -> 1 | K11: 20 | L11: 62 | M11: =MIN(L11/50,1) -> 1 | N11: 2 | O11: =SUM(N11/3)*2 -> 1.3333333 | P11: 1 | Q11: 1 | R11: 10 | S11: =SUM(F11,H11,J11,M11,O11,P11,Q11) -> 5.3333333 | T11: =IFERROR(S11/10,0) -> 0.53333333 | U11: =S11-10 -> -4.6666667 | V11: =IF(T11>=1,"Achieved",IF(T11>=0.7,"Near Target",IF(T11>=0.5,"Average","Low Performance"))) -> Average
A12: 46301 | B12: Maria Akter Mim | C12: Batch-2 | D12: OCDL SO | E12: 0 | F12: =IF(E12>0,3,0) -> 0 | G12: 0 | H12: =IF(G12>0,1,0) -> 0 | I12: 1 | J12: =IF(I12>0,1,0) -> 1 | K12: 62 | L12: 52 | M12: =MIN(L12/50,1) -> 1 | N12: 3 | O12: =SUM(N12/3)*2 -> 2 | P12: 1 | Q12: 1 | R12: 10 | S12: =SUM(F12,H12,J12,M12,O12,P12,Q12) -> 6 | T12: =IFERROR(S12/10,0) -> 0.6 | U12: =S12-10 -> -4 | V12: =IF(T12>=1,"Achieved",IF(T12>=0.7,"Near Target",IF(T12>=0.5,"Average","Low Performance"))) -> Average
A13: 46301 | B13: Safiqul Islam | C13: Batch-Ind | D13: OCDL SO | E13: 0 | F13: =IF(E13>0,3,0) -> 0 | G13: 0 | H13: =IF(G13>0,1,0) -> 0 | I13: 2 | J13: =IF(I13>0,1,0) -> 1 | K13: 65 | L13: 57 | M13: =MIN(L13/50,1) -> 1 | N13: 3 | O13: =SUM(N13/3)*2 -> 2 | P13: 1 | Q13: 1 | R13: 10 | S13: =SUM(F13,H13,J13,M13,O13,P13,Q13) -> 6 | T13: =IFERROR(S13/10,0) -> 0.6 | U13: =S13-10 -> -4 | V13: =IF(T13>=1,"Achieved",IF(T13>=0.7,"Near Target",IF(T13>=0.5,"Average","Low Performance"))) -> Average
A14: 46301 | B14: Manir Sikder | C14: Batch-Ind | D14: OCDL SO | E14: 0 | F14: =IF(E14>0,3,0) -> 0 | G14: 0 | H14: =IF(G14>0,1,0) -> 0 | I14: 2 | J14: =IF(I14>0,1,0) -> 1 | K14: 60 | L14: 50 | M14: =MIN(L14/50,1) -> 1 | N14: 3 | O14: =SUM(N14/3)*2 -> 2 | P14: 1 | Q14: 1 | R14: 10 | S14: =SUM(F14,H14,J14,M14,O14,P14,Q14) -> 6 | T14: =IFERROR(S14/10,0) -> 0.6 | U14: =S14-10 -> -4 | V14: =IF(T14>=1,"Achieved",IF(T14>=0.7,"Near Target",IF(T14>=0.5,"Average","Low Performance"))) -> Average
A15: 46301 | B15: Yeasin Rasel | C15: Batch-Ind | D15: OCDL SO | E15: 0 | F15: =IF(E15>0,3,0) -> 0 | G15: 0 | H15: =IF(G15>0,1,0) -> 0 | I15: 1 | J15: =IF(I15>0,1,0) -> 1 | K15: 0 | L15: 50 | M15: =MIN(L15/50,1) -> 1 | N15: 3 | O15: =SUM(N15/3)*2 -> 2 | P15: 1 | Q15: 1 | R15: 10 | S15: =SUM(F15,H15,J15,M15,O15,P15,Q15) -> 6 | T15: =IFERROR(S15/10,0) -> 0.6 | U15: =S15-10 -> -4 | V15: =IF(T15>=1,"Achieved",IF(T15>=0.7,"Near Target",IF(T15>=0.5,"Average","Low Performance"))) -> Average
D16: Tolat Average= | E16: =SUBTOTAL(109,E3:E15) -> 50000 | F16: =SUBTOTAL(109,F3:F15)/11 -> 0.27272727 | G16: =SUBTOTAL(109,G3:G15) -> 2 | H16: =SUBTOTAL(109,H3:H15)/13 -> 0.15384615 | I16: =SUBTOTAL(109,I3:I15) -> 14 | J16: =SUBTOTAL(109,J3:J15)/13 -> 0.92307692 | K16: =SUBTOTAL(109,K3:K15) -> 776 | L16: =SUBTOTAL(109,L3:L15) -> 666 | M16: =SUBTOTAL(109,M3:M15)/13 -> 0.95384615 | N16: =SUBTOTAL(109,N3:N15) -> 35 | O16: =SUBTOTAL(109,O3:O15)/13 -> 1.7948718 | P16: =SUBTOTAL(109,P3:P15)/13 -> 1 | Q16: =SUBTOTAL(109,Q3:Q15)/13 -> 1 | R16: =SUBTOTAL(109,R3:R15)/13 -> 10 | S16: ='Daily KPI Entry'!$F16+'Daily KPI Entry'!$H16+'Daily KPI Entry'!$J16+'Daily KPI Entry'!$M16+'Daily KPI Entry'!$O16+'Daily KPI Entry'!$P16+'Daily KPI Entry'!$Q16 -> 6.0983683 | T16: =SUBTOTAL(109,T3:T15)/13 -> 0.60564103 | U16: ='Daily KPI Entry'!$R16-'Daily KPI Entry'!$S16 -> 3.9016317 | V16: =IF(T16>=1,"Achieved",IF(T16>=0.7,"Near Target",IF(T16>=0.5,"Average","Low Performance"))) -> Average

Sheet Daily KPI Entry Sep26
A2: Date | B2: Employee | C2: Batch | D2: Branch | E2: Collection Achv. | F2: Collection Point | G2: Int. Meeting Achv. | H2: Int. Meeting Point | I2: Ext. Meeting Achv | J2: Ext. Meeting Point | K2: Talk Time | L2: Client Reach/ Follow-up Achv. | M2: Client Reach/ Follow-up Point | N2: Appointment Achv. | O2: Appointment Point | P2: Dig. Marketing Point | Q2: Att. & Discipline Point | R2: KPI Mark Target | S2: Total KPI Points | T2: KPI Achievement % | U2: Gap | V2: Status | W2: Remarks
A3: 46266 | B3: Most. Liza Akter | C3: Batch-1 | D3: OCDL SO | E3: 0 | F3: =IF(E3>0,3,0) -> 0 | G3: 0 | H3: =IF(G3>0,1,0) -> 0 | I3: 0 | J3: =IF(I3>0,1,0) -> 0 | K3: 107 | L3: 50 | M3: =MIN(L3/50,1) -> 1 | N3: 2 | O3: =SUM(N3/3)*2 -> 1.3333333 | P3: 1 | Q3: 1 | R3: 10 | S3: =SUM(F3,H3,J3,M3,O3,P3,Q3) -> 4.3333333 | T3: =IFERROR(S3/10,0) -> 0.43333333 | U3: =S3-10 -> -5.6666667 | V3: =IF(T3>=1,"Achieved",IF(T3>=0.7,"Near Target",IF(T3>=0.5,"Average","Low Performance"))) -> Low Performance
A4: 46266 | B4: Jakir Ahammed Noor | C4: Batch-1 | D4: OCDL SO | E4: 0 | F4: =IF(E4>0,3,0) -> 0 | G4: 0 | H4: =IF(G4>0,1,0) -> 0 | I4: 1 | J4: =IF(I4>0,1,0) -> 1 | K4: 66 | L4: 39 | M4: =MIN(L4/50,1) -> 0.78 | N4: 2 | O4: =SUM(N4/3)*2 -> 1.3333333 | P4: 1 | Q4: 0.75 | R4: 10 | S4: =SUM(F4,H4,J4,M4,O4,P4,Q4) -> 4.8633333 | T4: =IFERROR(S4/10,0) -> 0.48633333 | U4: =S4-10 -> -5.1366667 | V4: =IF(T4>=1,"Achieved",IF(T4>=0.7,"Near Target",IF(T4>=0.5,"Average","Low Performance"))) -> Low Performance
A5: 46266 | B5: Anowar Hossain | C5: Batch-1 | D5: OCDL SO | E5: 0 | F5: =IF(E5>0,3,0) -> 0 | G5: 0 | H5: =IF(G5>0,1,0) -> 0 | I5: 1 | J5: =IF(I5>0,1,0) -> 1 | K5: 74 | L5: 50 | M5: =MIN(L5/50,1) -> 1 | N5: 3 | O5: =SUM(N5/3)*2 -> 2 | P5: 1 | Q5: 0.75 | R5: 10 | S5: =SUM(F5,H5,J5,M5,O5,P5,Q5) -> 5.75 | T5: =IFERROR(S5/10,0) -> 0.575 | U5: =S5-10 -> -4.25 | V5: =IF(T5>=1,"Achieved",IF(T5>=0.7,"Near Target",IF(T5>=0.5,"Average","Low Performance"))) -> Average
A6: 46266 | B6: Abrarul Haque Emon | C6: Batch-1 | D6: OCDL SO | E6: 20000 | F6: =IF(E6>0,3,0) -> 3 | G6: 0 | H6: =IF(G6>0,1,0) -> 0 | I6: 1 | J6: =IF(I6>0,1,0) -> 1 | K6: 87 | L6: 40 | M6: =MIN(L6/50,1) -> 0.8 | N6: 2 | O6: =SUM(N6/3)*2 -> 1.3333333 | P6: 1 | Q6: 0.75 | R6: 10 | S6: =SUM(F6,H6,J6,M6,O6,P6,Q6) -> 7.8833333 | T6: =IFERROR(S6/10,0) -> 0.78833333 | U6: =S6-10 -> -2.1166667 | V6: =IF(T6>=1,"Achieved",IF(T6>=0.7,"Near Target",IF(T6>=0.5,"Average","Low Performance"))) -> Near Target
A7: 46266 | B7: Mst Sharmin Akter Nabila | C7: Batch-2 | D7: OCDL SO | E7: 0 | F7: =IF(E7>0,3,0) -> 0 | G7: 0 | H7: =IF(G7>0,1,0) -> 0 | I7: 0 | J7: =IF(I7>0,1,0) -> 0 | K7: 60 | L7: 41 | M7: =MIN(L7/50,1) -> 0.82 | N7: 1 | O7: =SUM(N7/3)*2 -> 0.66666667 | P7: 1 | Q7: 1 | R7: 10 | S7: =SUM(F7,H7,J7,M7,O7,P7,Q7) -> 3.4866667 | T7: =IFERROR(S7/10,0) -> 0.34866667 | U7: =S7-10 -> -6.5133333 | V7: =IF(T7>=1,"Achieved",IF(T7>=0.7,"Near Target",IF(T7>=0.5,"Average","Low Performance"))) -> Low Performance
A8: 46266 | B8: Afroza Yeasmin Rumi | C8: Batch-2 | D8: OCDL SO | E8: 0 | F8: =IF(E8>0,3,0) -> 0 | G8: 0 | H8: =IF(G8>0,1,0) -> 0 | I8: 0 | J8: =IF(I8>0,1,0) -> 0 | K8: 102 | L8: 26 | M8: =MIN(L8/50,1) -> 0.52 | N8: 1 | O8: =SUM(N8/3)*2 -> 0.66666667 | P8: 1 | Q8: 1 | R8: 10 | S8: =SUM(F8,H8,J8,M8,O8,P8,Q8) -> 3.1866667 | T8: =IFERROR(S8/10,0) -> 0.31866667 | U8: =S8-10 -> -6.8133333 | V8: =IF(T8>=1,"Achieved",IF(T8>=0.7,"Near Target",IF(T8>=0.5,"Average","Low Performance"))) -> Low Performance
A9: 46266 | B9: Maria Akter Mim | C9: Batch-2 | D9: OCDL SO | E9: 0 | F9: =IF(E9>0,3,0) -> 0 | G9: 0 | H9: =IF(G9>0,1,0) -> 0 | I9: 0 | J9: =IF(I9>0,1,0) -> 0 | K9: 62 | L9: 35 | M9: =MIN(L9/50,1) -> 0.7 | N9: 2 | O9: =SUM(N9/3)*2 -> 1.3333333 | P9: 1 | Q9: 1 | R9: 10 | S9: =SUM(F9,H9,J9,M9,O9,P9,Q9) -> 4.0333333 | T9: =IFERROR(S9/10,0) -> 0.40333333 | U9: =S9-10 -> -5.9666667 | V9: =IF(T9>=1,"Achieved",IF(T9>=0.7,"Near Target",IF(T9>=0.5,"Average","Low Performance"))) -> Low Performance
A10: 46266 | B10: Jahid Hasan E | C10: Batch-2 | D10: OCDL SO | E10: 0 | F10: =IF(E10>0,3,0) -> 0 | G10: 0 | H10: =IF(G10>0,1,0) -> 0 | I10: 0 | J10: =IF(I10>0,1,0) -> 0 | K10: 60 | L10: 50 | M10: =MIN(L10/50,1) -> 1 | N10: 2 | O10: =SUM(N10/3)*2 -> 1.3333333 | P10: 1 | Q10: 0.75 | R10: 10 | S10: =SUM(F10,H10,J10,M10,O10,P10,Q10) -> 4.0833333 | T10: =IFERROR(S10/10,0) -> 0.40833333 | U10: =S10-10 -> -5.9166667 | V10: =IF(T10>=1,"Achieved",IF(T10>=0.7,"Near Target",IF(T10>=0.5,"Average","Low Performance"))) -> Low Performance
A11: 46266 | B11: Omar Sharif Arman | C11: Batch-3 | D11: OCDL SO | E11: 0 | F11: =IF(E11>0,3,0) -> 0 | G11: 0 | H11: =IF(G11>0,1,0) -> 0 | I11: 0 | J11: =IF(I11>0,1,0) -> 0 | K11: 61 | L11: 38 | M11: =MIN(L11/50,1) -> 0.76 | N11: 1 | O11: =SUM(N11/3)*2 -> 0.66666667 | P11: 1 | Q11: 0.5 | R11: 10 | S11: =SUM(F11,H11,J11,M11,O11,P11,Q11) -> 2.9266667 | T11: =IFERROR(S11/10,0) -> 0.29266667 | U11: =S11-10 -> -7.0733333 | V11: =IF(T11>=1,"Achieved",IF(T11>=0.7,"Near Target",IF(T11>=0.5,"Average","Low Performance"))) -> Low Performance
A12: 46266 | B12: Safiqul Islam | C12: Batch-3 | D12: OCDL SO | E12: 0 | F12: =IF(E12>0,3,0) -> 0 | G12: 0 | H12: =IF(G12>0,1,0) -> 0 | I12: 1 | J12: =IF(I12>0,1,0) -> 1 | K12: 60 | L12: 40 | M12: =MIN(L12/50,1) -> 0.8 | N12: 2 | O12: =SUM(N12/3)*2 -> 1.3333333 | P12: 1 | Q12: 0.75 | R12: 10 | S12: =SUM(F12,H12,J12,M12,O12,P12,Q12) -> 4.8833333 | T12: =IFERROR(S12/10,0) -> 0.48833333 | U12: =S12-10 -> -5.1166667 | V12: =IF(T12>=1,"Achieved",IF(T12>=0.7,"Near Target",IF(T12>=0.5,"Average","Low Performance"))) -> Low Performance
A13: 46266 | B13: Manir Sikder | C13: Batch-3 | D13: OCDL SO | E13: 0 | F13: =IF(E13>0,3,0) -> 0 | G13: 0 | H13: =IF(G13>0,1,0) -> 0 | I13: 0 | J13: =IF(I13>0,1,0) -> 0 | K13: 0 | L13: 0 | M13: =MIN(L13/50,1) -> 0 | O13: =SUM(N13/3)*2 -> 0 | P13: 0 | Q13: 0 | R13: 10 | S13: =SUM(F13,H13,J13,M13,O13,P13,Q13) -> 0 | T13: =IFERROR(S13/10,0) -> 0 | U13: =S13-10 -> -10 | V13: =IF(T13>=1,"Achieved",IF(T13>=0.7,"Near Target",IF(T13>=0.5,"Average","Low Performance"))) -> Low Performance | W13: Leave
A14: 46266 | B14: Yeasin Rasel | C14: Batch-3 | D14: OCDL SO | E14: 0 | F14: =IF(E14>0,3,0) -> 0 | G14: 0 | H14: =IF(G14>0,1,0) -> 0 | I14: 0 | J14: =IF(I14>0,1,0) -> 0 | K14: 0 | L14: 0 | M14: =MIN(L14/50,1) -> 0 | O14: =SUM(N14/3)*2 -> 0 | P14: 0 | Q14: 0 | R14: 10 | S14: =SUM(F14,H14,J14,M14,O14,P14,Q14) -> 0 | T14: =IFERROR(S14/10,0) -> 0 | U14: =S14-10 -> -10 | V14: =IF(T14>=1,"Achieved",IF(T14>=0.7,"Near Target",IF(T14>=0.5,"Average","Low Performance"))) -> Low Performance | W14: visit
A15: 46267 | B15: Most. Liza Akter | C15: Batch-1 | D15: OCDL SO | E15: 0 | F15: =IF(E15>0,3,0) -> 0 | G15: 1 | H15: =IF(G15>0,1,0) -> 1 | I15: 0 | J15: =IF(I15>0,1,0) -> 0 | K15: 125 | L15: 50 | M15: =MIN(L15/50,1) -> 1 | N15: 2 | O15: =SUM(N15/3)*2 -> 1.3333333 | P15: 1 | Q15: 1 | R15: 10 | S15: =SUM(F15,H15,J15,M15,O15,P15,Q15) -> 5.3333333 | T15: =IFERROR(S15/10,0) -> 0.53333333 | U15: =S15-10 -> -4.6666667 | V15: =IF(T15>=1,"Achieved",IF(T15>=0.7,"Near Target",IF(T15>=0.5,"Average","Low Performance"))) -> Average
A16: 46267 | B16: Jakir Ahammed Noor | C16: Batch-1 | D16: OCDL SO | E16: 0 | F16: =IF(E16>0,3,0) -> 0 | G16: 0 | H16: =IF(G16>0,1,0) -> 0 | I16: 1 | J16: =IF(I16>0,1,0) -> 1 | K16: 63 | L16: 42 | M16: =MIN(L16/50,1) -> 0.84 | N16: 2 | O16: =SUM(N16/3)*2 -> 1.3333333 | P16: 1 | Q16: 0.75 | R16: 10 | S16: =SUM(F16,H16,J16,M16,O16,P16,Q16) -> 4.9233333 | T16: =IFERROR(S16/10,0) -> 0.49233333 | U16: =S16-10 -> -5.0766667 | V16: =IF(T16>=1,"Achieved",IF(T16>=0.7,"Near Target",IF(T16>=0.5,"Average","Low Performance"))) -> Low Performance
A17: 46267 | B17: Anowar Hossain | C17: Batch-1 | D17: OCDL SO | E17: 0 | F17: =IF(E17>0,3,0) -> 0 | G17: 0 | H17: =IF(G17>0,1,0) -> 0 | I17: 1 | J17: =IF(I17>0,1,0) -> 1 | K17: 69 | L17: 50 | M17: =MIN(L17/50,1) -> 1 | N17: 3 | O17: =SUM(N17/3)*2 -> 2 | P17: 1 | Q17: 0.75 | R17: 10 | S17: =SUM(F17,H17,J17,M17,O17,P17,Q17) -> 5.75 | T17: =IFERROR(S17/10,0) -> 0.575 | U17: =S17-10 -> -4.25 | V17: =IF(T17>=1,"Achieved",IF(T17>=0.7,"Near Target",IF(T17>=0.5,"Average","Low Performance"))) -> Average
A18: 46267 | B18: Abrarul Haque Emon | C18: Batch-1 | D18: OCDL SO | F18: =IF(E18>0,3,0) -> 0 | H18: =IF(G18>0,1,0) -> 0 | I18: 4 | J18: =IF(I18>0,1,0) -> 1 | K18: 66 | L18: 50 | M18: =MIN(L18/50,1) -> 1 | N18: 3 | O18: =SUM(N18/3)*2 -> 2 | P18: 1 | Q18: 0.75 | R18: 10 | S18: =SUM(F18,H18,J18,M18,O18,P18,Q18) -> 5.75 | T18: =IFERROR(S18/10,0) -> 0.575 | U18: =S18-10 -> -4.25 | V18: =IF(T18>=1,"Achieved",IF(T18>=0.7,"Near Target",IF(T18>=0.5,"Average","Low Performance"))) -> Average
A19: 46267 | B19: Mst Sharmin Akter Nabila | C19: Batch-2 | D19: OCDL SO | E19: 0 | F19: =IF(E19>0,3,0) -> 0 | G19: 0 | H19: =IF(G19>0,1,0) -> 0 | I19: 0 | J19: =IF(I19>0,1,0) -> 0 | L19: 50 | M19: =MIN(L19/50,1) -> 1 | N19: 2 | O19: =SUM(N19/3)*2 -> 1.3333333 | P19: 1 | Q19: 1 | R19: 10 | S19: =SUM(F19,H19,J19,M19,O19,P19,Q19) -> 4.3333333 | T19: =IFERROR(S19/10,0) -> 0.43333333 | U19: =S19-10 -> -5.6666667 | V19: =IF(T19>=1,"Achieved",IF(T19>=0.7,"Near Target",IF(T19>=0.5,"Average","Low Performance"))) -> Low Performance
A20: 46267 | B20: Afroza Yeasmin Rumi | C20: Batch-2 | D20: OCDL SO | E20: 0 | F20: =IF(E20>0,3,0) -> 0 | G20: 0 | H20: =IF(G20>0,1,0) -> 0 | I20: 1 | J20: =IF(I20>0,1,0) -> 1 | K20: 91 | L20: 31 | M20: =MIN(L20/50,1) -> 0.62 | N20: 2 | O20: =SUM(N20/3)*2 -> 1.3333333 | P20: 1 | Q20: 1 | R20: 10 | S20: =SUM(F20,H20,J20,M20,O20,P20,Q20) -> 4.9533333 | T20: =IFERROR(S20/10,0) -> 0.49533333 | U20: =S20-10 -> -5.0466667 | V20: =IF(T20>=1,"Achieved",IF(T20>=0.7,"Near Target",IF(T20>=0.5,"Average","Low Performance"))) -> Low Performance
A21: 46267 | B21: Maria Akter Mim | C21: Batch-2 | D21: OCDL SO | E21: 0 | F21: =IF(E21>0,3,0) -> 0 | G21: 0 | H21: =IF(G21>0,1,0) -> 0 | I21: 0 | J21: =IF(I21>0,1,0) -> 0 | K21: 69 | L21: 50 | M21: =MIN(L21/50,1) -> 1 | N21: 2 | O21: =SUM(N21/3)*2 -> 1.3333333 | P21: 1 | Q21: 1 | R21: 10 | S21: =SUM(F21,H21,J21,M21,O21,P21,Q21) -> 4.3333333 | T21: =IFERROR(S21/10,0) -> 0.43333333 | U21: =S21-10 -> -5.6666667 | V21: =IF(T21>=1,"Achieved",IF(T21>=0.7,"Near Target",IF(T21>=0.5,"Average","Low Performance"))) -> Low Performance
A22: 46267 | B22: Jahid Hasan E | C22: Batch-2 | D22: OCDL SO | E22: 0 | F22: =IF(E22>0,3,0) -> 0 | G22: 0 | H22: =IF(G22>0,1,0) -> 0 | I22: 0 | J22: 0 | K22: 65 | L22: 50 | M22: =MIN(L22/50,1) -> 1 | N22: 2 | O22: =SUM(N22/3)*2 -> 1.3333333 | P22: 1 | Q22: 0.75 | R22: 10 | S22: =SUM(F22,H22,J22,M22,O22,P22,Q22) -> 4.0833333 | T22: =IFERROR(S22/10,0) -> 0.40833333 | U22: =S22-10 -> -5.9166667 | V22: =IF(T22>=1,"Achieved",IF(T22>=0.7,"Near Target",IF(T22>=0.5,"Average","Low Performance"))) -> Low Performance
A23: 46267 | B23: Omar Sharif Arman | C23: Batch-3 | D23: OCDL SO | E23: 0 | F23: =IF(E23>0,3,0) -> 0 | G23: 0 | H23: =IF(G23>0,1,0) -> 0 | I23: 0 | J23: =IF(I23>0,1,0) -> 0 | K23: 27 | L23: 39 | M23: =MIN(L23/50,1) -> 0.78 | N23: 1 | O23: =SUM(N23/3)*2 -> 0.66666667 | P23: 1 | Q23: 0.75 | R23: 10 | S23: =SUM(F23,H23,J23,M23,O23,P23,Q23) -> 3.1966667 | T23: =IFERROR(S23/10,0) -> 0.31966667 | U23: =S23-10 -> -6.8033333 | V23: =IF(T23>=1,"Achieved",IF(T23>=0.7,"Near Target",IF(T23>=0.5,"Average","Low Performance"))) -> Low Performance
A24: 46267 | B24: Safiqul Islam | C24: Batch-3 | D24: OCDL SO | E24: 0 | F24: =IF(E24>0,3,0) -> 0 | G24: 0 | H24: =IF(G24>0,1,0) -> 0 | I24: 3 | J24: =IF(I24>0,1,0) -> 1 | K24: 35 | L24: 35 | M24: =MIN(L24/50,1) -> 0.7 | N24: 2 | O24: =SUM(N24/3)*2 -> 1.3333333 | P24: 1 | Q24: 0.75 | R24: 10 | S24: =SUM(F24,H24,J24,M24,O24,P24,Q24) -> 4.7833333 | T24: =IFERROR(S24/10,0) -> 0.47833333 | U24: =S24-10 -> -5.2166667 | V24: =IF(T24>=1,"Achieved",IF(T24>=0.7,"Near Target",IF(T24>=0.5,"Average","Low Performance"))) -> Low Performance
A25: 46267 | B25: Manir Sikder | C25: Batch-3 | D25: OCDL SO | E25: 0 | F25: =IF(E25>0,3,0) -> 0 | G25: 0 | H25: =IF(G25>0,1,0) -> 0 | I25: 0 | J25: =IF(I25>0,1,0) -> 0 | K25: 0 | L25: 0 | M25: =MIN(L25/50,1) -> 0 | O25: =SUM(N25/3)*2 -> 0 | P25: 0 | Q25: 0 | R25: 10 | S25: =SUM(F25,H25,J25,M25,O25,P25,Q25) -> 0 | T25: =IFERROR(S25/10,0) -> 0 | U25: =S25-10 -> -10 | V25: =IF(T25>=1,"Achieved",IF(T25>=0.7,"Near Target",IF(T25>=0.5,"Average","Low Performance"))) -> Low Performance | W25: Leave
A26: 46267 | B26: Yeasin Rasel | C26: Batch-3 | D26: OCDL SO | E26: 0 | F26: =IF(E26>0,3,0) -> 0 | G26: 0 | H26: =IF(G26>0,1,0) -> 0 | I26: 0 | J26: =IF(I26>0,1,0) -> 0 | K26: 44 | L26: 38 | M26: =MIN(L26/50,1) -> 0.76 | N26: 2 | O26: =SUM(N26/3)*2 -> 1.3333333 | P26: 1 | Q26: 0.75 | R26: 10 | S26: =SUM(F26,H26,J26,M26,O26,P26,Q26) -> 3.8433333 | T26: =IFERROR(S26/10,0) -> 0.38433333 | U26: =S26-10 -> -6.1566667 | V26: =IF(T26>=1,"Achieved",IF(T26>=0.7,"Near Target",IF(T26>=0.5,"Average","Low Performance"))) -> Low Performance
A27: 46268 | B27: Most. Liza Akter | C27: Batch-1 | D27: OCDL SO | E27: 0 | F27: =IF(E27>0,3,0) -> 0 | G27: 0 | H27: =IF(G27>0,1,0) -> 0 | I27: 0 | J27: =IF(I27>0,1,0) -> 0 | K27: 120 | L27: 50 | M27: =MIN(L27/50,1) -> 1 | N27: 2 | O27: =SUM(N27/3)*2 -> 1.3333333 | P27: 1 | Q27: 1 | R27: 10 | S27: =SUM(F27,H27,J27,M27,O27,P27,Q27) -> 4.3333333 | T27: =IFERROR(S27/10,0) -> 0.43333333 | U27: =S27-10 -> -5.6666667 | V27: =IF(T27>=1,"Achieved",IF(T27>=0.7,"Near Target",IF(T27>=0.5,"Average","Low Performance"))) -> Low Performance
A28: 46268 | B28: Jakir Ahammed Noor | C28: Batch-1 | D28: OCDL SO | E28: 0 | F28: =IF(E28>0,3,0) -> 0 | G28: 1 | H28: =IF(G28>0,1,0) -> 1 | I28: 1 | J28: =IF(I28>0,1,0) -> 1 | K28: 64 | L28: 47 | M28: =MIN(L28/50,1) -> 0.94 | N28: 2 | O28: =SUM(N28/3)*2 -> 1.3333333 | P28: 1 | Q28: 0.75 | R28: 10 | S28: =SUM(F28,H28,J28,M28,O28,P28,Q28) -> 6.0233333 | T28: =IFERROR(S28/10,0) -> 0.60233333 | U28: =S28-10 -> -3.9766667 | V28: =IF(T28>=1,"Achieved",IF(T28>=0.7,"Near Target",IF(T28>=0.5,"Average","Low Performance"))) -> Average
A29: 46268 | B29: Anowar Hossain | C29: Batch-1 | D29: OCDL SO | E29: 0 | F29: =IF(E29>0,3,0) -> 0 | G29: 0 | H29: =IF(G29>0,1,0) -> 0 | I29: 0 | J29: =IF(I29>0,1,0) -> 0 | K29: 0 | L29: 0 | M29: =MIN(L29/50,1) -> 0 | O29: =SUM(N29/3)*2 -> 0 | P29: 0 | Q29: 0 | R29: 10 | S29: =SUM(F29,H29,J29,M29,O29,P29,Q29) -> 0 | T29: =IFERROR(S29/10,0) -> 0 | U29: =S29-10 -> -10 | V29: =IF(T29>=1,"Achieved",IF(T29>=0.7,"Near Target",IF(T29>=0.5,"Average","Low Performance"))) -> Low Performance | W29: Leave
A30: 46268 | B30: Abrarul Haque Emon | C30: Batch-1 | D30: OCDL SO | E30: 0 | F30: =IF(E30>0,3,0) -> 0 | G30: 0 | H30: =IF(G30>0,1,0) -> 0 | I30: 1 | J30: =IF(I30>0,1,0) -> 1 | K30: 10 | L30: 50 | M30: =MIN(L30/50,1) -> 1 | N30: 3 | O30: =SUM(N30/3)*2 -> 2 | P30: 1 | Q30: 0.75 | R30: 10 | S30: =SUM(F30,H30,J30,M30,O30,P30,Q30) -> 5.75 | T30: =IFERROR(S30/10,0) -> 0.575 | U30: =S30-10 -> -4.25 | V30: =IF(T30>=1,"Achieved",IF(T30>=0.7,"Near Target",IF(T30>=0.5,"Average","Low Performance"))) -> Average
A31: 46268 | B31: Mst Sharmin Akter Nabila | C31: Batch-2 | D31: OCDL SO | E31: 0 | F31: =IF(E31>0,3,0) -> 0 | G31: 0 | H31: =IF(G31>0,1,0) -> 0 | I31: 0 | J31: =IF(I31>0,1,0) -> 0 | K31: 71 | L31: 50 | M31: =MIN(L31/50,1) -> 1 | N31: 2 | O31: =SUM(N31/3)*2 -> 1.3333333 | P31: 1 | Q31: 1 | R31: 10 | S31: =SUM(F31,H31,J31,M31,O31,P31,Q31) -> 4.3333333 | T31: =IFERROR(S31/10,0) -> 0.43333333 | U31: =S31-10 -> -5.6666667 | V31: =IF(T31>=1,"Achieved",IF(T31>=0.7,"Near Target",IF(T31>=0.5,"Average","Low Performance"))) -> Low Performance
A32: 46268 | B32: Afroza Yeasmin Rumi | C32: Batch-2 | D32: OCDL SO | E32: 0 | F32: =IF(E32>0,3,0) -> 0 | G32: 0 | H32: =IF(G32>0,1,0) -> 0 | I32: 1 | J32: =IF(I32>0,1,0) -> 1 | K32: 86 | L32: 47 | M32: =MIN(L32/50,1) -> 0.94 | N32: 3 | O32: =SUM(N32/3)*2 -> 2 | P32: 1 | Q32: 1 | R32: 10 | S32: =SUM(F32,H32,J32,M32,O32,P32,Q32) -> 5.94 | T32: =IFERROR(S32/10,0) -> 0.594 | U32: =S32-10 -> -4.06 | V32: =IF(T32>=1,"Achieved",IF(T32>=0.7,"Near Target",IF(T32>=0.5,"Average","Low Performance"))) -> Average
A33: 46268 | B33: Maria Akter Mim | C33: Batch-2 | D33: OCDL SO | E33: 0 | F33: =IF(E33>0,3,0) -> 0 | G33: 0 | H33: =IF(G33>0,1,0) -> 0 | I33: 0 | J33: =IF(I33>0,1,0) -> 0 | K33: 62 | L33: 50 | M33: =MIN(L33/50,1) -> 1 | N33: 2 | O33: =SUM(N33/3)*2 -> 1.3333333 | P33: 1 | Q33: 1 | R33: 10 | S33: =SUM(F33,H33,J33,M33,O33,P33,Q33) -> 4.3333333 | T33: =IFERROR(S33/10,0) -> 0.43333333 | U33: =S33-10 -> -5.6666667 | V33: =IF(T33>=1,"Achieved",IF(T33>=0.7,"Near Target",IF(T33>=0.5,"Average","Low Performance"))) -> Low Performance
A34: 46268 | B34: Jahid Hasan E | C34: Batch-2 | D34: OCDL SO | E34: 0 | F34: =IF(E34>0,3,0) -> 0 | G34: 0 | H34: =IF(G34>0,1,0) -> 0 | I34: 0 | J34: =IF(I34>0,1,0) -> 0 | K34: 62 | L34: 50 | M34: =MIN(L34/50,1) -> 1 | N34: 1 | O34: =SUM(N34/3)*2 -> 0.66666667 | P34: 1 | Q34: 0.75 | R34: 10 | S34: =SUM(F34,H34,J34,M34,O34,P34,Q34) -> 3.4166667 | T34: =IFERROR(S34/10,0) -> 0.34166667 | U34: =S34-10 -> -6.5833333 | V34: =IF(T34>=1,"Achieved",IF(T34>=0.7,"Near Target",IF(T34>=0.5,"Average","Low Performance"))) -> Low Performance
A35: 46268 | B35: Omar Sharif Arman | C35: Batch-3 | D35: OCDL SO | E35: 0 | F35: =IF(E35>0,3,0) -> 0 | G35: 1 | H35: =IF(G35>0,1,0) -> 1 | I35: 0 | J35: =IF(I35>0,1,0) -> 0 | K35: 63 | L35: 38 | M35: =MIN(L35/50,1) -> 0.76 | N35: 2 | O35: =SUM(N35/3)*2 -> 1.3333333 | P35: 1 | R35: 10 | S35: =SUM(F35,H35,J35,M35,O35,P35,Q35) -> 4.0933333 | T35: =IFERROR(S35/10,0) -> 0.40933333 | U35: =S35-10 -> -5.9066667 | V35: =IF(T35>=1,"Achieved",IF(T35>=0.7,"Near Target",IF(T35>=0.5,"Average","Low Performance"))) -> Low Performance
A36: 46268 | B36: Safiqul Islam | C36: Batch-3 | D36: OCDL SO | E36: 0 | F36: =IF(E36>0,3,0) -> 0 | G36: 1 | H36: =IF(G36>0,1,0) -> 1 | I36: 0 | J36: =IF(I36>0,1,0) -> 0 | K36: 60 | L36: 37 | M36: =MIN(L36/50,1) -> 0.74 | N36: 2 | O36: =SUM(N36/3)*2 -> 1.3333333 | P36: 1 | Q36: 0.75 | R36: 10 | S36: =SUM(F36,H36,J36,M36,O36,P36,Q36) -> 4.8233333 | T36: =IFERROR(S36/10,0) -> 0.48233333 | U36: =S36-10 -> -5.1766667 | V36: =IF(T36>=1,"Achieved",IF(T36>=0.7,"Near Target",IF(T36>=0.5,"Average","Low Performance"))) -> Low Performance
A37: 46268 | B37: Manir Sikder | C37: Batch-3 | D37: OCDL SO | E37: 0 | F37: =IF(E37>0,3,0) -> 0 | G37: 0 | H37: =IF(G37>0,1,0) -> 0 | I37: 0 | J37: =IF(I37>0,1,0) -> 0 | K37: 0 | L37: 0 | M37: =MIN(L37/50,1) -> 0 | O37: =SUM(N37/3)*2 -> 0 | P37: 0 | Q37: 0 | R37: 10 | S37: =SUM(F37,H37,J37,M37,O37,P37,Q37) -> 0 | T37: =IFERROR(S37/10,0) -> 0 | U37: =S37-10 -> -10 | V37: =IF(T37>=1,"Achieved",IF(T37>=0.7,"Near Target",IF(T37>=0.5,"Average","Low Performance"))) -> Low Performance | W37: Leave
A38: 46268 | B38: Yeasin Rasel | C38: Batch-3 | D38: OCDL SO | E38: 0 | F38: =IF(E38>0,3,0) -> 0 | G38: 1 | H38: =IF(G38>0,1,0) -> 1 | I38: 1 | J38: =IF(I38>0,1,0) -> 1 | K38: 43 | L38: 42 | M38: =MIN(L38/50,1) -> 0.84 | N38: 2 | O38: =SUM(N38/3)*2 -> 1.3333333 | P38: 1 | Q38: 0.75 | R38: 10 | S38: =SUM(F38,H38,J38,M38,O38,P38,Q38) -> 5.9233333 | T38: =IFERROR(S38/10,0) -> 0.59233333 | U38: =S38-10 -> -4.0766667 | V38: =IF(T38>=1,"Achieved",IF(T38>=0.7,"Near Target",IF(T38>=0.5,"Average","Low Performance"))) -> Average
A39: 46270 | B39: Most. Liza Akter | C39: Batch-1 | D39: OCDL SO | E39: 0 | F39: =IF(E39>0,3,0) -> 0 | G39: 0 | H39: =IF(G39>0,1,0) -> 0 | I39: 0 | J39: =IF(I39>0,1,0) -> 0 | K39: 119 | L39: 50 | M39: =MIN(L39/50,1) -> 1 | N39: 3 | O39: =SUM(N39/3)*2 -> 2 | P39: 1 | Q39: 1 | R39: 10 | S39: =SUM(F39,H39,J39,M39,O39,P39,Q39) -> 5 | T39: =IFERROR(S39/10,0) -> 0.5 | U39: =S39-10 -> -5 | V39: =IF(T39>=1,"Achieved",IF(T39>=0.7,"Near Target",IF(T39>=0.5,"Average","Low Performance"))) -> Average
A40: 46270 | B40: Jakir Ahammed Noor | C40: Batch-1 | D40: OCDL SO | E40: 0 | F40: =IF(E40>0,3,0) -> 0 | G40: 0 | H40: =IF(G40>0,1,0) -> 0 | I40: 1 | J40: =IF(I40>0,1,0) -> 1 | K40: 57 | L40: 41 | M40: =MIN(L40/50,1) -> 0.82 | N40: 2 | O40: =SUM(N40/3)*2 -> 1.3333333 | P40: 1 | Q40: 1 | R40: 10 | S40: =SUM(F40,H40,J40,M40,O40,P40,Q40) -> 5.1533333 | T40: =IFERROR(S40/10,0) -> 0.51533333 | U40: =S40-10 -> -4.8466667 | V40: =IF(T40>=1,"Achieved",IF(T40>=0.7,"Near Target",IF(T40>=0.5,"Average","Low Performance"))) -> Average
A41: 46270 | B41: Anowar Hossain | C41: Batch-1 | D41: OCDL SO | E41: 0 | F41: =IF(E41>0,3,0) -> 0 | G41: 0 | H41: =IF(G41>0,1,0) -> 0 | I41: 0 | J41: =IF(I41>0,1,0) -> 0 | K41: 0 | L41: 0 | M41: =MIN(L41/50,1) -> 0 | O41: =SUM(N41/3)*2 -> 0 | P41: 0 | Q41: 0 | R41: 10 | S41: =SUM(F41,H41,J41,M41,O41,P41,Q41) -> 0 | T41: =IFERROR(S41/10,0) -> 0 | U41: =S41-10 -> -10 | V41: =IF(T41>=1,"Achieved",IF(T41>=0.7,"Near Target",IF(T41>=0.5,"Average","Low Performance"))) -> Low Performance | W41: Leave
A42: 46270 | B42: Abrarul Haque Emon | C42: Batch-1 | D42: OCDL SO | E42: 0 | F42: =IF(E42>0,3,0) -> 0 | G42: 1 | H42: =IF(G42>0,1,0) -> 1 | I42: 2 | J42: =IF(I42>0,1,0) -> 1 | K42: 79 | L42: 50 | M42: =MIN(L42/50,1) -> 1 | N42: 3 | O42: =SUM(N42/3)*2 -> 2 | P42: 1 | Q42: 0.75 | R42: 10 | S42: =SUM(F42,H42,J42,M42,O42,P42,Q42) -> 6.75 | T42: =IFERROR(S42/10,0) -> 0.675 | U42: =S42-10 -> -3.25 | V42: =IF(T42>=1,"Achieved",IF(T42>=0.7,"Near Target",IF(T42>=0.5,"Average","Low Performance"))) -> Average
A43: 46270 | B43: Mst Sharmin Akter Nabila | C43: Batch-2 | D43: OCDL SO | E43: 0 | F43: =IF(E43>0,3,0) -> 0 | G43: 0 | H43: =IF(G43>0,1,0) -> 0 | I43: 0 | J43: =IF(I43>0,1,0) -> 0 | K43: 71 | L43: 50 | M43: =MIN(L43/50,1) -> 1 | N43: 2 | O43: =SUM(N43/3)*2 -> 1.3333333 | P43: 1 | Q43: 1 | R43: 10 | S43: =SUM(F43,H43,J43,M43,O43,P43,Q43) -> 4.3333333 | T43: =IFERROR(S43/10,0) -> 0.43333333 | U43: =S43-10 -> -5.6666667 | V43: =IF(T43>=1,"Achieved",IF(T43>=0.7,"Near Target",IF(T43>=0.5,"Average","Low Performance"))) -> Low Performance
A44: 46270 | B44: Afroza Yeasmin Rumi | C44: Batch-2 | D44: OCDL SO | E44: 0 | F44: =IF(E44>0,3,0) -> 0 | G44: 0 | H44: =IF(G44>0,1,0) -> 0 | I44: 1 | J44: =IF(I44>0,1,0) -> 1 | K44: 46 | L44: 17 | M44: =MIN(L44/50,1) -> 0.34 | N44: 1 | O44: =SUM(N44/3)*2 -> 0.66666667 | P44: 1 | Q44: 1 | R44: 10 | S44: =SUM(F44,H44,J44,M44,O44,P44,Q44) -> 4.0066667 | T44: =IFERROR(S44/10,0) -> 0.40066667 | U44: =S44-10 -> -5.9933333 | V44: =IF(T44>=1,"Achieved",IF(T44>=0.7,"Near Target",IF(T44>=0.5,"Average","Low Performance"))) -> Low Performance
A45: 46270 | B45: Maria Akter Mim | C45: Batch-2 | D45: OCDL SO | E45: 0 | F45: =IF(E45>0,3,0) -> 0 | G45: 0 | H45: =IF(G45>0,1,0) -> 0 | I45: 0 | J45: =IF(I45>0,1,0) -> 0 | K45: 60 | L45: 50 | M45: =MIN(L45/50,1) -> 1 | N45: 2 | O45: =SUM(N45/3)*2 -> 1.3333333 | P45: 1 | Q45: 1 | R45: 10 | S45: =SUM(F45,H45,J45,M45,O45,P45,Q45) -> 4.3333333 | T45: =IFERROR(S45/10,0) -> 0.43333333 | U45: =S45-10 -> -5.6666667 | V45: =IF(T45>=1,"Achieved",IF(T45>=0.7,"Near Target",IF(T45>=0.5,"Average","Low Performance"))) -> Low Performance
A46: 46270 | B46: Jahid Hasan E | C46: Batch-2 | D46: OCDL SO | E46: 0 | F46: =IF(E46>0,3,0) -> 0 | G46: 0 | H46: =IF(G46>0,1,0) -> 0 | I46: 0 | J46: =IF(I46>0,1,0) -> 0 | K46: 45 | L46: 45 | M46: =MIN(L46/50,1) -> 0.9 | N46: 2 | O46: =SUM(N46/3)*2 -> 1.3333333 | P46: 1 | Q46: 0.75 | R46: 10 | S46: =SUM(F46,H46,J46,M46,O46,P46,Q46) -> 3.9833333 | T46: =IFERROR(S46/10,0) -> 0.39833333 | U46: =S46-10 -> -6.0166667 | V46: =IF(T46>=1,"Achieved",IF(T46>=0.7,"Near Target",IF(T46>=0.5,"Average","Low Performance"))) -> Low Performance
A47: 46270 | B47: Omar Sharif Arman | C47: Batch-3 | D47: OCDL SO | E47: 0 | F47: =IF(E47>0,3,0) -> 0 | G47: 0 | H47: =IF(G47>0,1,0) -> 0 | I47: 0 | J47: =IF(I47>0,1,0) -> 0 | K47: 46 | L47: 32 | M47: =MIN(L47/50,1) -> 0.64 | N47: 2 | O47: =SUM(N47/3)*2 -> 1.3333333 | P47: 1 | Q47: 0.75 | R47: 10 | S47: =SUM(F47,H47,J47,M47,O47,P47,Q47) -> 3.7233333 | T47: =IFERROR(S47/10,0) -> 0.37233333 | U47: =S47-10 -> -6.2766667 | V47: =IF(T47>=1,"Achieved",IF(T47>=0.7,"Near Target",IF(T47>=0.5,"Average","Low Performance"))) -> Low Performance
A48: 46270 | B48: Safiqul Islam | C48: Batch-3 | D48: OCDL SO | E48: 0 | F48: =IF(E48>0,3,0) -> 0 | G48: 1 | H48: =IF(G48>0,1,0) -> 1 | I48: 0 | J48: =IF(I48>0,1,0) -> 0 | K48: 60 | L48: 35 | M48: =MIN(L48/50,1) -> 0.7 | N48: 2 | O48: =SUM(N48/3)*2 -> 1.3333333 | P48: 1 | Q48: 0.75 | R48: 10 | S48: =SUM(F48,H48,J48,M48,O48,P48,Q48) -> 4.7833333 | T48: =IFERROR(S48/10,0) -> 0.47833333 | U48: =S48-10 -> -5.2166667 | V48: =IF(T48>=1,"Achieved",IF(T48>=0.7,"Near Target",IF(T48>=0.5,"Average","Low Performance"))) -> Low Performance
A49: 46270 | B49: Manir Sikder | C49: Batch-3 | D49: OCDL SO | E49: 0 | F49: =IF(E49>0,3,0) -> 0 | G49: 0 | H49: =IF(G49>0,1,0) -> 0 | I49: 0 | J49: =IF(I49>0,1,0) -> 0 | K49: 37 | L49: 35 | M49: =MIN(L49/50,1) -> 0.7 | N49: 1 | O49: =SUM(N49/3)*2 -> 0.66666667 | P49: 1 | Q49: 0.75 | R49: 10 | S49: =SUM(F49,H49,J49,M49,O49,P49,Q49) -> 3.1166667 | T49: =IFERROR(S49/10,0) -> 0.31166667 | U49: =S49-10 -> -6.8833333 | V49: =IF(T49>=1,"Achieved",IF(T49>=0.7,"Near Target",IF(T49>=0.5,"Average","Low Performance"))) -> Low Performance
A50: 46270 | B50: Yeasin Rasel | C50: Batch-3 | D50: OCDL SO | E50: 0 | F50: =IF(E50>0,3,0) -> 0 | G50: 0 | H50: =IF(G50>0,1,0) -> 0 | I50: 0 | J50: =IF(I50>0,1,0) -> 0 | K50: 50 | L50: 43 | M50: =MIN(L50/50,1) -> 0.86 | N50: 2 | O50: =SUM(N50/3)*2 -> 1.3333333 | P50: 1 | Q50: 0.75 | R50: 10 | S50: =SUM(F50,H50,J50,M50,O50,P50,Q50) -> 3.9433333 | T50: =IFERROR(S50/10,0) -> 0.39433333 | U50: =S50-10 -> -6.0566667 | V50: =IF(T50>=1,"Achieved",IF(T50>=0.7,"Near Target",IF(T50>=0.5,"Average","Low Performance"))) -> Low Performance
A51: 46271 | B51: Most. Liza Akter | C51: Batch-1 | D51: OCDL SO | E51: 0 | F51: =IF(E51>0,3,0) -> 0 | G51: 0 | H51: =IF(G51>0,1,0) -> 0 | I51: 0 | J51: =IF(I51>0,1,0) -> 0 | K51: 117 | L51: 50 | M51: =MIN(L51/50,1) -> 1 | N51: 2 | O51: =SUM(N51/3)*2 -> 1.3333333 | P51: 1 | Q51: 1 | R51: 10 | S51: =SUM(F51,H51,J51,M51,O51,P51,Q51) -> 4.3333333 | T51: =IFERROR(S51/10,0) -> 0.43333333 | U51: =S51-10 -> -5.6666667 | V51: =IF(T51>=1,"Achieved",IF(T51>=0.7,"Near Target",IF(T51>=0.5,"Average","Low Performance"))) -> Low Performance
A52: 46271 | B52: Jakir Ahammed Noor | C52: Batch-1 | D52: OCDL SO | E52: 0 | F52: =IF(E52>0,3,0) -> 0 | G52: 0 | H52: =IF(G52>0,1,0) -> 0 | I52: 1 | J52: =IF(I52>0,1,0) -> 1 | K52: 63 | L52: 50 | M52: =MIN(L52/50,1) -> 1 | N52: 2 | O52: =SUM(N52/3)*2 -> 1.3333333 | P52: 1 | Q52: 1 | R52: 10 | S52: =SUM(F52,H52,J52,M52,O52,P52,Q52) -> 5.3333333 | T52: =IFERROR(S52/10,0) -> 0.53333333 | U52: =S52-10 -> -4.6666667 | V52: =IF(T52>=1,"Achieved",IF(T52>=0.7,"Near Target",IF(T52>=0.5,"Average","Low Performance"))) -> Average
A53: 46271 | B53: Anowar Hossain | C53: Batch-1 | D53: OCDL SO | E53: 0 | F53: =IF(E53>0,3,0) -> 0 | G53: 0 | H53: =IF(G53>0,1,0) -> 0 | I53: 0 | J53: =IF(I53>0,1,0) -> 0 | K53: 0 | L53: 0 | M53: =MIN(L53/50,1) -> 0 | O53: =SUM(N53/3)*2 -> 0 | P53: 0 | Q53: 0 | R53: 10 | S53: =SUM(F53,H53,J53,M53,O53,P53,Q53) -> 0 | T53: =IFERROR(S53/10,0) -> 0 | U53: =S53-10 -> -10 | V53: =IF(T53>=1,"Achieved",IF(T53>=0.7,"Near Target",IF(T53>=0.5,"Average","Low Performance"))) -> Low Performance | W53: Leave
A54: 46271 | B54: Abrarul Haque Emon | C54: Batch-1 | D54: OCDL SO | E54: 1900000 | F54: =IF(E54>0,3,0) -> 3 | G54: 1 | H54: =IF(G54>0,1,0) -> 1 | I54: 2 | J54: =IF(I54>0,1,0) -> 1 | K54: 75 | L54: 50 | M54: =MIN(L54/50,1) -> 1 | N54: 3 | O54: =SUM(N54/3)*2 -> 2 | P54: 1 | Q54: 1 | R54: 10 | S54: =SUM(F54,H54,J54,M54,O54,P54,Q54) -> 10 | T54: =IFERROR(S54/10,0) -> 1 | U54: =S54-10 -> 0 | V54: =IF(T54>=1,"Achieved",IF(T54>=0.7,"Near Target",IF(T54>=0.5,"Average","Low Performance"))) -> Achieved
A55: 46271 | B55: Mst Sharmin Akter Nabila | C55: Batch-2 | D55: OCDL SO | E55: 0 | F55: =IF(E55>0,3,0) -> 0 | G55: 0 | H55: =IF(G55>0,1,0) -> 0 | I55: 0 | J55: =IF(I55>0,1,0) -> 0 | K55: 72 | L55: 50 | M55: =MIN(L55/50,1) -> 1 | N55: 2 | O55: =SUM(N55/3)*2 -> 1.3333333 | P55: 1 | Q55: 1 | R55: 10 | S55: =SUM(F55,H55,J55,M55,O55,P55,Q55) -> 4.3333333 | T55: =IFERROR(S55/10,0) -> 0.43333333 | U55: =S55-10 -> -5.6666667 | V55: =IF(T55>=1,"Achieved",IF(T55>=0.7,"Near Target",IF(T55>=0.5,"Average","Low Performance"))) -> Low Performance
A56: 46271 | B56: Afroza Yeasmin Rumi | C56: Batch-2 | D56: OCDL SO | E56: 0 | F56: =IF(E56>0,3,0) -> 0 | G56: 0 | H56: =IF(G56>0,1,0) -> 0 | I56: 0 | J56: =IF(I56>0,1,0) -> 0 | K56: 80 | L56: 45 | M56: =MIN(L56/50,1) -> 0.9 | N56: 1 | O56: =SUM(N56/3)*2 -> 0.66666667 | P56: 1 | Q56: 1 | R56: 10 | S56: =SUM(F56,H56,J56,M56,O56,P56,Q56) -> 3.5666667 | T56: =IFERROR(S56/10,0) -> 0.35666667 | U56: =S56-10 -> -6.4333333 | V56: =IF(T56>=1,"Achieved",IF(T56>=0.7,"Near Target",IF(T56>=0.5,"Average","Low Performance"))) -> Low Performance
A57: 46271 | B57: Maria Akter Mim | C57: Batch-2 | D57: OCDL SO | E57: 0 | F57: =IF(E57>0,3,0) -> 0 | G57: 0 | H57: =IF(G57>0,1,0) -> 0 | I57: 0 | J57: =IF(I57>0,1,0) -> 0 | K57: 61 | L57: 50 | M57: =MIN(L57/50,1) -> 1 | N57: 2 | O57: =SUM(N57/3)*2 -> 1.3333333 | P57: 1 | Q57: 1 | R57: 10 | S57: =SUM(F57,H57,J57,M57,O57,P57,Q57) -> 4.3333333 | T57: =IFERROR(S57/10,0) -> 0.43333333 | U57: =S57-10 -> -5.6666667 | V57: =IF(T57>=1,"Achieved",IF(T57>=0.7,"Near Target",IF(T57>=0.5,"Average","Low Performance"))) -> Low Performance
A58: 46271 | B58: Jahid Hasan E | C58: Batch-2 | D58: OCDL SO | E58: 0 | F58: =IF(E58>0,3,0) -> 0 | G58: 0 | H58: =IF(G58>0,1,0) -> 0 | I58: 1 | J58: =IF(I58>0,1,0) -> 1 | K58: 55 | L58: 50 | M58: =MIN(L58/50,1) -> 1 | N58: 2 | O58: =SUM(N58/3)*2 -> 1.3333333 | P58: 1 | Q58: 1 | R58: 10 | S58: =SUM(F58,H58,J58,M58,O58,P58,Q58) -> 5.3333333 | T58: =IFERROR(S58/10,0) -> 0.53333333 | U58: =S58-10 -> -4.6666667 | V58: =IF(T58>=1,"Achieved",IF(T58>=0.7,"Near Target",IF(T58>=0.5,"Average","Low Performance"))) -> Average
A59: 46271 | B59: Omar Sharif Arman | C59: Batch-3 | D59: OCDL SO | E59: 0 | F59: =IF(E59>0,3,0) -> 0 | G59: 0 | H59: =IF(G59>0,1,0) -> 0 | I59: 0 | J59: =IF(I59>0,1,0) -> 0 | K59: 57 | L59: 38 | M59: =MIN(L59/50,1) -> 0.76 | N59: 1 | O59: =SUM(N59/3)*2 -> 0.66666667 | P59: 1 | Q59: 0.75 | R59: 10 | S59: =SUM(F59,H59,J59,M59,O59,P59,Q59) -> 3.1766667 | T59: =IFERROR(S59/10,0) -> 0.31766667 | U59: =S59-10 -> -6.8233333 | V59: =IF(T59>=1,"Achieved",IF(T59>=0.7,"Near Target",IF(T59>=0.5,"Average","Low Performance"))) -> Low Performance
A60: 46271 | B60: Safiqul Islam | C60: Batch-3 | D60: OCDL SO | E60: 100000 | F60: =IF(E60>0,3,0) -> 3 | G60: 1 | H60: =IF(G60>0,1,0) -> 1 | I60: 0 | J60: =IF(I60>0,1,0) -> 0 | K60: 60 | L60: 40 | M60: =MIN(L60/50,1) -> 0.8 | N60: 2 | O60: =SUM(N60/3)*2 -> 1.3333333 | P60: 1 | Q60: 1 | R60: 10 | S60: =SUM(F60,H60,J60,M60,O60,P60,Q60) -> 8.1333333 | T60: =IFERROR(S60/10,0) -> 0.81333333 | U60: =S60-10 -> -1.8666667 | V60: =IF(T60>=1,"Achieved",IF(T60>=0.7,"Near Target",IF(T60>=0.5,"Average","Low Performance"))) -> Near Target
A61: 46271 | B61: Manir Sikder | C61: Batch-3 | D61: OCDL SO | E61: 0 | F61: =IF(E61>0,3,0) -> 0 | G61: 0 | H61: =IF(G61>0,1,0) -> 0 | I61: 1 | J61: =IF(I61>0,1,0) -> 1 | K61: 53 | L61: 50 | M61: =MIN(L61/50,1) -> 1 | N61: 1 | O61: =SUM(N61/3)*2 -> 0.66666667 | P61: 1 | Q61: 1 | R61: 10 | S61: =SUM(F61,H61,J61,M61,O61,P61,Q61) -> 4.6666667 | T61: =IFERROR(S61/10,0) -> 0.46666667 | U61: =S61-10 -> -5.3333333 | V61: =IF(T61>=1,"Achieved",IF(T61>=0.7,"Near Target",IF(T61>=0.5,"Average","Low Performance"))) -> Low Performance
A62: 46271 | B62: Yeasin Rasel | C62: Batch-3 | D62: OCDL SO | E62: 0 | F62: =IF(E62>0,3,0) -> 0 | G62: 0 | H62: =IF(G62>0,1,0) -> 0 | I62: 1 | J62: =IF(I62>0,1,0) -> 1 | K62: 56 | L62: 50 | M62: =MIN(L62/50,1) -> 1 | N62: 2 | O62: =SUM(N62/3)*2 -> 1.3333333 | P62: 1 | Q62: 1 | R62: 10 | S62: =SUM(F62,H62,J62,M62,O62,P62,Q62) -> 5.3333333 | T62: =IFERROR(S62/10,0) -> 0.53333333 | U62: =S62-10 -> -4.6666667 | V62: =IF(T62>=1,"Achieved",IF(T62>=0.7,"Near Target",IF(T62>=0.5,"Average","Low Performance"))) -> Average
A63: 46272 | B63: Most. Liza Akter | C63: Batch-1 | D63: OCDL SO | E63: 0 | F63: =IF(E63>0,3,0) -> 0 | G63: 0 | H63: =IF(G63>0,1,0) -> 0 | I63: 0 | J63: =IF(I63>0,1,0) -> 0 | K63: 116 | L63: 50 | M63: =MIN(L63/50,1) -> 1 | N63: 3 | O63: =SUM(N63/3)*2 -> 2 | P63: 1 | Q63: 1 | R63: 10 | S63: =SUM(F63,H63,J63,M63,O63,P63,Q63) -> 5 | T63: =IFERROR(S63/10,0) -> 0.5 | U63: =S63-10 -> -5 | V63: =IF(T63>=1,"Achieved",IF(T63>=0.7,"Near Target",IF(T63>=0.5,"Average","Low Performance"))) -> Average
A64: 46272 | B64: Jakir Ahammed Noor | C64: Batch-1 | D64: OCDL SO | E64: 0 | F64: =IF(E64>0,3,0) -> 0 | G64: 1 | H64: =IF(G64>0,1,0) -> 1 | I64: 1 | J64: =IF(I64>0,1,0) -> 1 | K64: 65 | L64: 48 | M64: =MIN(L64/50,1) -> 0.96 | N64: 2 | O64: =SUM(N64/3)*2 -> 1.3333333 | P64: 1 | Q64: 1 | R64: 10 | S64: =SUM(F64,H64,J64,M64,O64,P64,Q64) -> 6.2933333 | T64: =IFERROR(S64/10,0) -> 0.62933333 | U64: =S64-10 -> -3.7066667 | V64: =IF(T64>=1,"Achieved",IF(T64>=0.7,"Near Target",IF(T64>=0.5,"Average","Low Performance"))) -> Average
A65: 46272 | B65: Anowar Hossain | C65: Batch-1 | D65: OCDL SO | E65: 0 | F65: =IF(E65>0,3,0) -> 0 | G65: 0 | H65: =IF(G65>0,1,0) -> 0 | I65: 1 | J65: =IF(I65>0,1,0) -> 1 | K65: 67 | L65: 50 | M65: =MIN(L65/50,1) -> 1 | N65: 3 | O65: =SUM(N65/3)*2 -> 2 | P65: 1 | Q65: 1 | R65: 10 | S65: =SUM(F65,H65,J65,M65,O65,P65,Q65) -> 6 | T65: =IFERROR(S65/10,0) -> 0.6 | U65: =S65-10 -> -4 | V65: =IF(T65>=1,"Achieved",IF(T65>=0.7,"Near Target",IF(T65>=0.5,"Average","Low Performance"))) -> Average
... A102: 46275 | B102: Abrarul Haque Emon | C102: Batch-1 | D102: OCDL SO | E102: 0 | F102: =IF(E102>0,3,0) -> 0 | G102: 0 | H102: =IF(G102>0,1,0) -> 0 | I102: 1 | J102: =IF(I102>0,1,0) -> 1 | K102: 79 | L102: 50 | M102: =MIN(L102/50,1) -> 1 | N102: 3 | O102: =SUM(N102/3)*2 -> 2 | P102: 1 | Q102: 1 | R102: 10 | S102: =SUM(F102,H102,J102,M102,O102,P102,Q102) -> 6 | T102: =IFERROR(S102/10,0) -> 0.6 | U102: =S102-10 -> -4 | V102: =IF(T102>=1,"Achieved",IF(T102>=0.7,"Near Target",IF(T102>=0.5,"Average","Low Performance"))) -> Average
A103: 46275 | B103: Mst Sharmin Akter Nabila | C103: Batch-2 | D103: OCDL SO | E103: 0 | F103: =IF(E103>0,3,0) -> 0 | G103: 0 | H103: =IF(G103>0,1,0) -> 0 | I103: 0 | J103: =IF(I103>0,1,0) -> 0 | K103: 0 | L103: 50 | M103: =MIN(L103/50,1) -> 1 | N103: 0 | O103: =SUM(N103/3)*2 -> 0 | P103: 0 | Q103: 0 | R103: 10 | S103: =SUM(F103,H103,J103,M103,O103,P103,Q103) -> 1 | T103: =IFERROR(S103/10,0) -> 0.1 | U103: =S103-10 -> -9 | V103: =IF(T103>=1,"Achieved",IF(T103>=0.7,"Near Target",IF(T103>=0.5,"Average","Low Performance"))) -> Low Performance | W103: Leave
A104: 46275 | B104: Afroza Yeasmin Rumi | C104: Batch-2 | D104: OCDL SO | E104: 0 | F104: =IF(E104>0,3,0) -> 0 | G104: 1 | H104: =IF(G104>0,1,0) -> 1 | I104: 0 | J104: =IF(I104>0,1,0) -> 0 | K104: 0 | L104: 50 | M104: =MIN(L104/50,1) -> 1 | N104: 3 | O104: =SUM(N104/3)*2 -> 2 | P104: 1 | Q104: 1 | R104: 10 | S104: =SUM(F104,H104,J104,M104,O104,P104,Q104) -> 6 | T104: =IFERROR(S104/10,0) -> 0.6 | U104: =S104-10 -> -4 | V104: =IF(T104>=1,"Achieved",IF(T104>=0.7,"Near Target",IF(T104>=0.5,"Average","Low Performance"))) -> Average
A105: 46275 | B105: Maria Akter Mim | C105: Batch-2 | D105: OCDL SO | E105: 30000 | F105: =IF(E105>0,3,0) -> 3 | G105: 0 | H105: =IF(G105>0,1,0) -> 0 | I105: 2 | J105: =IF(I105>0,1,0) -> 1 | K105: 35 | L105: 50 | M105: =MIN(L105/50,1) -> 1 | N105: 2 | O105: =SUM(N105/3)*2 -> 1.3333333 | P105: 1 | Q105: 1 | R105: 10 | S105: =SUM(F105,H105,J105,M105,O105,P105,Q105) -> 8.3333333 | T105: =IFERROR(S105/10,0) -> 0.83333333 | U105: =S105-10 -> -1.6666667 | V105: =IF(T105>=1,"Achieved",IF(T105>=0.7,"Near Target",IF(T105>=0.5,"Average","Low Performance"))) -> Near Target
A106: 46275 | B106: Jahid Hasan E | C106: Batch-2 | D106: OCDL SO | E106: 0 | F106: =IF(E106>0,3,0) -> 0 | G106: 1 | H106: =IF(G106>0,1,0) -> 1 | I106: 0 | J106: =IF(I106>0,1,0) -> 0 | K106: 65 | L106: 50 | M106: =MIN(L106/50,1) -> 1 | N106: 2 | O106: =SUM(N106/3)*2 -> 1.3333333 | P106: 1 | Q106: 1 | R106: 10 | S106: =SUM(F106,H106,J106,M106,O106,P106,Q106) -> 5.3333333 | T106: =IFERROR(S106/10,0) -> 0.53333333 | U106: =S106-10 -> -4.6666667 | V106: =IF(T106>=1,"Achieved",IF(T106>=0.7,"Near Target",IF(T106>=0.5,"Average","Low Performance"))) -> Average
A107: 46275 | B107: Omar Sharif Arman | C107: Batch-3 | D107: OCDL SO | E107: 0 | F107: =IF(E107>0,3,0) -> 0 | G107: 0 | H107: =IF(G107>0,1,0) -> 0 | I107: 0 | J107: =IF(I107>0,1,0) -> 0 | K107: 53 | L107: 50 | M107: =MIN(L107/50,1) -> 1 | N107: 3 | O107: =SUM(N107/3)*2 -> 2 | P107: 1 | Q107: 1 | R107: 10 | S107: =SUM(F107,H107,J107,M107,O107,P107,Q107) -> 5 | T107: =IFERROR(S107/10,0) -> 0.5 | U107: =S107-10 -> -5 | V107: =IF(T107>=1,"Achieved",IF(T107>=0.7,"Near Target",IF(T107>=0.5,"Average","Low Performance"))) -> Average
A108: 46275 | B108: Safiqul Islam | C108: Batch-3 | D108: OCDL SO | E108: 0 | F108: =IF(E108>0,3,0) -> 0 | G108: 0 | H108: =IF(G108>0,1,0) -> 0 | I108: 0 | J108: =IF(I108>0,1,0) -> 0 | K108: 55 | L108: 50 | M108: =MIN(L108/50,1) -> 1 | N108: 3 | O108: =SUM(N108/3)*2 -> 2 | P108: 1 | Q108: 1 | R108: 10 | S108: =SUM(F108,H108,J108,M108,O108,P108,Q108) -> 5 | T108: =IFERROR(S108/10,0) -> 0.5 | U108: =S108-10 -> -5 | V108: =IF(T108>=1,"Achieved",IF(T108>=0.7,"Near Target",IF(T108>=0.5,"Average","Low Performance"))) -> Average
A109: 46275 | B109: Manir Sikder | C109: Batch-3 | D109: OCDL SO | E109: 0 | F109: =IF(E109>0,3,0) -> 0 | G109: 1 | H109: =IF(G109>0,1,0) -> 1 | I109: 1 | J109: =IF(I109>0,1,0) -> 1 | K109: 60 | L109: 50 | M109: =MIN(L109/50,1) -> 1 | N109: 3 | O109: =SUM(N109/3)*2 -> 2 | P109: 1 | Q109: 1 | R109: 10 | S109: =SUM(F109,H109,J109,M109,O109,P109,Q109) -> 7 | T109: =IFERROR(S109/10,0) -> 0.7 | U109: =S109-10 -> -3 | V109: =IF(T109>=1,"Achieved",IF(T109>=0.7,"Near Target",IF(T109>=0.5,"Average","Low Performance"))) -> Near Target
A110: 46275 | B110: Yeasin Rasel | C110: Batch-3 | D110: OCDL SO | E110: 0 | F110: =IF(E110>0,3,0) -> 0 | G110: 1 | H110: =IF(G110>0,1,0) -> 1 | I110: 1 | J110: =IF(I110>0,1,0) -> 1 | K110: 55 | L110: 50 | M110: =MIN(L110/50,1) -> 1 | N110: 3 | O110: =SUM(N110/3)*2 -> 2 | P110: 1 | Q110: 1 | R110: 10 | S110: =SUM(F110,H110,J110,M110,O110,P110,Q110) -> 7 | T110: =IFERROR(S110/10,0) -> 0.7 | U110: =S110-10 -> -3 | V110: =IF(T110>=1,"Achieved",IF(T110>=0.7,"Near Target",IF(T110>=0.5,"Average","Low Performance"))) -> Near Target
A111: 46277 | B111: Most. Liza Akter | C111: Batch-1 | D111: OCDL SO | E111: 0 | F111: =IF(E111>0,3,0) -> 0 | G111: 1 | H111: =IF(G111>0,1,0) -> 1 | I111: 1 | J111: =IF(I111>0,1,0) -> 1 | K111: 108 | L111: 52 | M111: =MIN(L111/50,1) -> 1 | N111: 3 | O111: =SUM(N111/3)*2 -> 2 | P111: 1 | Q111: 1 | R111: 10 | S111: =SUM(F111,H111,J111,M111,O111,P111,Q111) -> 7 | T111: =IFERROR(S111/10,0) -> 0.7 | U111: =S111-10 -> -3 | V111: =IF(T111>=1,"Achieved",IF(T111>=0.7,"Near Target",IF(T111>=0.5,"Average","Low Performance"))) -> Near Target
A112: 46277 | B112: Jakir Ahammed Noor | C112: Batch-1 | D112: OCDL SO | E112: 0 | F112: =IF(E112>0,3,0) -> 0 | G112: 0 | H112: =IF(G112>0,1,0) -> 0 | I112: 1 | J112: =IF(I112>0,1,0) -> 1 | K112: 65 | L112: 53 | M112: =MIN(L112/50,1) -> 1 | N112: 3 | O112: =SUM(N112/3)*2 -> 2 | P112: 1 | Q112: 1 | R112: 10 | S112: =SUM(F112,H112,J112,M112,O112,P112,Q112) -> 6 | T112: =IFERROR(S112/10,0) -> 0.6 | U112: =S112-10 -> -4 | V112: =IF(T112>=1,"Achieved",IF(T112>=0.7,"Near Target",IF(T112>=0.5,"Average","Low Performance"))) -> Average
A113: 46277 | B113: Anowar Hossain | C113: Batch-1 | D113: OCDL SO | E113: 0 | F113: =IF(E113>0,3,0) -> 0 | G113: 0 | H113: =IF(G113>0,1,0) -> 0 | I113: 1 | J113: =IF(I113>0,1,0) -> 1 | K113: 68 | L113: 52 | M113: =MIN(L113/50,1) -> 1 | N113: 3 | O113: =SUM(N113/3)*2 -> 2 | P113: 1 | Q113: 1 | R113: 10 | S113: =SUM(F113,H113,J113,M113,O113,P113,Q113) -> 6 | T113: =IFERROR(S113/10,0) -> 0.6 | U113: =S113-10 -> -4 | V113: =IF(T113>=1,"Achieved",IF(T113>=0.7,"Near Target",IF(T113>=0.5,"Average","Low Performance"))) -> Average
A114: 46277 | B114: Abrarul Haque Emon | C114: Batch-1 | D114: OCDL SO | E114: 0 | F114: =IF(E114>0,3,0) -> 0 | G114: 1 | H114: =IF(G114>0,1,0) -> 1 | I114: 1 | J114: =IF(I114>0,1,0) -> 1 | K114: 76 | L114: 50 | M114: =MIN(L114/50,1) -> 1 | N114: 3 | O114: =SUM(N114/3)*2 -> 2 | P114: 1 | Q114: 1 | R114: 10 | S114: =SUM(F114,H114,J114,M114,O114,P114,Q114) -> 7 | T114: =IFERROR(S114/10,0) -> 0.7 | U114: =S114-10 -> -3 | V114: =IF(T114>=1,"Achieved",IF(T114>=0.7,"Near Target",IF(T114>=0.5,"Average","Low Performance"))) -> Near Target
A115: 46277 | B115: Mst Sharmin Akter Nabila | C115: Batch-2 | D115: OCDL SO | F115: =IF(E115>0,3,0) -> 0 | H115: =IF(G115>0,1,0) -> 0 | J115: =IF(I115>0,1,0) -> 0 | K115: 0 | L115: 0 | M115: =MIN(L115/50,1) -> 0 | O115: =SUM(N115/3)*2 -> 0 | R115: 10 | S115: =SUM(F115,H115,J115,M115,O115,P115,Q115) -> 0 | T115: =IFERROR(S115/10,0) -> 0 | U115: =S115-10 -> -10 | V115: =IF(T115>=1,"Achieved",IF(T115>=0.7,"Near Target",IF(T115>=0.5,"Average","Low Performance"))) -> Low Performance | W115: Leave
A116: 46277 | B116: Afroza Yeasmin Rumi | C116: Batch-2 | D116: OCDL SO | E116: 0 | F116: =IF(E116>0,3,0) -> 0 | G116: 0 | H116: =IF(G116>0,1,0) -> 0 | I116: 1 | J116: =IF(I116>0,1,0) -> 1 | K116: 74 | L116: 61 | M116: =MIN(L116/50,1) -> 1 | N116: 3 | O116: =SUM(N116/3)*2 -> 2 | P116: 1 | Q116: 1 | R116: 10 | S116: =SUM(F116,H116,J116,M116,O116,P116,Q116) -> 6 | T116: =IFERROR(S116/10,0) -> 0.6 | U116: =S116-10 -> -4 | V116: =IF(T116>=1,"Achieved",IF(T116>=0.7,"Near Target",IF(T116>=0.5,"Average","Low Performance"))) -> Average
A117: 46277 | B117: Maria Akter Mim | C117: Batch-2 | D117: OCDL SO | F117: =IF(E117>0,3,0) -> 0 | H117: =IF(G117>0,1,0) -> 0 | J117: =IF(I117>0,1,0) -> 0 | K117: 0 | L117: 0 | M117: =MIN(L117/50,1) -> 0 | O117: =SUM(N117/3)*2 -> 0 | R117: 10 | S117: =SUM(F117,H117,J117,M117,O117,P117,Q117) -> 0 | T117: =IFERROR(S117/10,0) -> 0 | U117: =S117-10 -> -10 | V117: =IF(T117>=1,"Achieved",IF(T117>=0.7,"Near Target",IF(T117>=0.5,"Average","Low Performance"))) -> Low Performance | W117: Leave
A118: 46277 | B118: Jahid Hasan E | C118: Batch-2 | D118: OCDL SO | E118: 0 | F118: =IF(E118>0,3,0) -> 0 | G118: 0 | H118: =IF(G118>0,1,0) -> 0 | I118: 1 | J118: =IF(I118>0,1,0) -> 1 | K118: 45 | L118: 40 | M118: =MIN(L118/50,1) -> 0.8 | N118: 2 | O118: =SUM(N118/3)*2 -> 1.3333333 | P118: 1 | Q118: 1 | R118: 10 | S118: =SUM(F118,H118,J118,M118,O118,P118,Q118) -> 5.1333333 | T118: =IFERROR(S118/10,0) -> 0.51333333 | U118: =S118-10 -> -4.8666667 | V118: =IF(T118>=1,"Achieved",IF(T118>=0.7,"Near Target",IF(T118>=0.5,"Average","Low Performance"))) -> Average
A119: 46277 | B119: Omar Sharif Arman | C119: Batch-3 | D119: OCDL SO | F119: =IF(E119>0,3,0) -> 0 | H119: =IF(G119>0,1,0) -> 0 | J119: =IF(I119>0,1,0) -> 0 | K119: 0 | L119: 0 | M119: =MIN(L119/50,1) -> 0 | O119: =SUM(N119/3)*2 -> 0 | R119: 10 | S119: =SUM(F119,H119,J119,M119,O119,P119,Q119) -> 0 | T119: =IFERROR(S119/10,0) -> 0 | U119: =S119-10 -> -10 | V119: =IF(T119>=1,"Achieved",IF(T119>=0.7,"Near Target",IF(T119>=0.5,"Average","Low Performance"))) -> Low Performance | W119: Leave
A120: 46277 | B120: Safiqul Islam | C120: Batch-3 | D120: OCDL SO | E120: 0 | F120: =IF(E120>0,3,0) -> 0 | G120: 0 | H120: =IF(G120>0,1,0) -> 0 | I120: 1 | J120: =IF(I120>0,1,0) -> 1 | K120: 60 | L120: 45 | M120: =MIN(L120/50,1) -> 0.9 | N120: 2 | O120: =SUM(N120/3)*2 -> 1.3333333 | P120: 1 | Q120: 1 | R120: 10 | S120: =SUM(F120,H120,J120,M120,O120,P120,Q120) -> 5.2333333 | T120: =IFERROR(S120/10,0) -> 0.52333333 | U120: =S120-10 -> -4.7666667 | V120: =IF(T120>=1,"Achieved",IF(T120>=0.7,"Near Target",IF(T120>=0.5,"Average","Low Performance"))) -> Average
A121: 46277 | B121: Manir Sikder | C121: Batch-3 | D121: OCDL SO | E121: 0 | F121: =IF(E121>0,3,0) -> 0 | G121: 1 | H121: =IF(G121>0,1,0) -> 1 | I121: 1 | J121: =IF(I121>0,1,0) -> 1 | K121: 65 | L121: 40 | M121: =MIN(L121/50,1) -> 0.8 | N121: 3 | O121: =SUM(N121/3)*2 -> 2 | P121: 1 | Q121: 1 | R121: 10 | S121: =SUM(F121,H121,J121,M121,O121,P121,Q121) -> 6.8 | T121: =IFERROR(S121/10,0) -> 0.68 | U121: =S121-10 -> -3.2 | V121: =IF(T121>=1,"Achieved",IF(T121>=0.7,"Near Target",IF(T121>=0.5,"Average","Low Performance"))) -> Average
A122: 46277 | B122: Yeasin Rasel | C122: Batch-3 | D122: OCDL SO | E122: 0 | F122: =IF(E122>0,3,0) -> 0 | G122: 0 | H122: =IF(G122>0,1,0) -> 0 | I122: 1 | J122: =IF(I122>0,1,0) -> 1 | K122: 62 | L122: 50 | M122: =MIN(L122/50,1) -> 1 | N122: 3 | O122: =SUM(N122/3)*2 -> 2 | P122: 1 | Q122: 1 | R122: 10 | S122: =SUM(F122,H122,J122,M122,O122,P122,Q122) -> 6 | T122: =IFERROR(S122/10,0) -> 0.6 | U122: =S122-10 -> -4 | V122: =IF(T122>=1,"Achieved",IF(T122>=0.7,"Near Target",IF(T122>=0.5,"Average","Low Performance"))) -> Average
A123: 46278 | B123: Most. Liza Akter | C123: Batch-1 | D123: OCDL SO | E123: 0 | F123: =IF(E123>0,3,0) -> 0 | G123: 0 | H123: =IF(G123>0,1,0) -> 0 | I123: 1 | J123: =IF(I123>0,1,0) -> 1 | K123: 109 | L123: 56 | M123: =MIN(L123/50,1) -> 1 | N123: 2 | O123: =SUM(N123/3)*2 -> 1.3333333 | P123: 1 | Q123: 1 | R123: 10 | S123: =SUM(F123,H123,J123,M123,O123,P123,Q123) -> 5.3333333 | T123: =IFERROR(S123/10,0) -> 0.53333333 | U123: =S123-10 -> -4.6666667 | V123: =IF(T123>=1,"Achieved",IF(T123>=0.7,"Near Target",IF(T123>=0.5,"Average","Low Performance"))) -> Average
A124: 46278 | B124: Jakir Ahammed Noor | C124: Batch-1 | D124: OCDL SO | E124: 0 | F124: =IF(E124>0,3,0) -> 0 | G124: 0 | H124: =IF(G124>0,1,0) -> 0 | I124: 2 | J124: =IF(I124>0,1,0) -> 1 | K124: 72 | L124: 53 | M124: =MIN(L124/50,1) -> 1 | N124: 3 | O124: =SUM(N124/3)*2 -> 2 | P124: 1 | Q124: 1 | R124: 10 | S124: =SUM(F124,H124,J124,M124,O124,P124,Q124) -> 6 | T124: =IFERROR(S124/10,0) -> 0.6 | U124: =S124-10 -> -4 | V124: =IF(T124>=1,"Achieved",IF(T124>=0.7,"Near Target",IF(T124>=0.5,"Average","Low Performance"))) -> Average
A125: 46278 | B125: Anowar Hossain | C125: Batch-1 | D125: OCDL SO | E125: 0 | F125: =IF(E125>0,3,0) -> 0 | G125: 0 | H125: =IF(G125>0,1,0) -> 0 | I125: 1 | J125: =IF(I125>0,1,0) -> 1 | K125: 70 | L125: 50 | M125: =MIN(L125/50,1) -> 1 | N125: 3 | O125: =SUM(N125/3)*2 -> 2 | P125: 1 | Q125: 1 | R125: 10 | S125: =SUM(F125,H125,J125,M125,O125,P125,Q125) -> 6 | T125: =IFERROR(S125/10,0) -> 0.6 | U125: =S125-10 -> -4 | V125: =IF(T125>=1,"Achieved",IF(T125>=0.7,"Near Target",IF(T125>=0.5,"Average","Low Performance"))) -> Average
A126: 46278 | B126: Abrarul Haque Emon | C126: Batch-1 | D126: OCDL SO | E126: 0 | F126: =IF(E126>0,3,0) -> 0 | G126: 0 | H126: =IF(G126>0,1,0) -> 0 | I126: 1 | J126: =IF(I126>0,1,0) -> 1 | K126: 76 | L126: 57 | M126: =MIN(L126/50,1) -> 1 | N126: 3 | O126: =SUM(N126/3)*2 -> 2 | P126: 1 | Q126: 1 | R126: 10 | S126: =SUM(F126,H126,J126,M126,O126,P126,Q126) -> 6 | T126: =IFERROR(S126/10,0) -> 0.6 | U126: =S126-10 -> -4 | V126: =IF(T126>=1,"Achieved",IF(T126>=0.7,"Near Target",IF(T126>=0.5,"Average","Low Performance"))) -> Average
A127: 46278 | B127: Mst Sharmin Akter Nabila | C127: Batch-2 | D127: OCDL SO | F127: =IF(E127>0,3,0) -> 0 | H127: =IF(G127>0,1,0) -> 0 | J127: =IF(I127>0,1,0) -> 0 | K127: 0 | L127: 0 | M127: =MIN(L127/50,1) -> 0 | O127: =SUM(N127/3)*2 -> 0 | R127: 10 | S127: =SUM(F127,H127,J127,M127,O127,P127,Q127) -> 0 | T127: =IFERROR(S127/10,0) -> 0 | U127: =S127-10 -> -10 | V127: =IF(T127>=1,"Achieved",IF(T127>=0.7,"Near Target",IF(T127>=0.5,"Average","Low Performance"))) -> Low Performance | W127: Leave
A128: 46278 | B128: Afroza Yeasmin Rumi | C128: Batch-2 | D128: OCDL SO | E128: 0 | F128: =IF(E128>0,3,0) -> 0 | G128: 0 | H128: =IF(G128>0,1,0) -> 0 | I128: 1 | J128: =IF(I128>0,1,0) -> 1 | K128: 0 | L128: 51 | M128: =MIN(L128/50,1) -> 1 | N128: 3 | O128: =SUM(N128/3)*2 -> 2 | P128: 1 | Q128: 1 | R128: 10 | S128: =SUM(F128,H128,J128,M128,O128,P128,Q128) -> 6 | T128: =IFERROR(S128/10,0) -> 0.6 | U128: =S128-10 -> -4 | V128: =IF(T128>=1,"Achieved",IF(T128>=0.7,"Near Target",IF(T128>=0.5,"Average","Low Performance"))) -> Average
A129: 46278 | B129: Maria Akter Mim | C129: Batch-2 | D129: OCDL SO | E129: 0 | F129: =IF(E129>0,3,0) -> 0 | G129: 0 | H129: =IF(G129>0,1,0) -> 0 | I129: 0 | J129: =IF(I129>0,1,0) -> 0 | K129: 0 | L129: 52 | M129: =MIN(L129/50,1) -> 1 | N129: 1 | O129: =SUM(N129/3)*2 -> 0.66666667 | P129: 1 | Q129: 1 | R129: 10 | S129: =SUM(F129,H129,J129,M129,O129,P129,Q129) -> 3.6666667 | T129: =IFERROR(S129/10,0) -> 0.36666667 | U129: =S129-10 -> -6.3333333 | V129: =IF(T129>=1,"Achieved",IF(T129>=0.7,"Near Target",IF(T129>=0.5,"Average","Low Performance"))) -> Low Performance
A130: 46278 | B130: Jahid Hasan E | C130: Batch-2 | D130: OCDL SO | E130: 0 | F130: =IF(E130>0,3,0) -> 0 | G130: 0 | H130: =IF(G130>0,1,0) -> 0 | I130: 2 | J130: =IF(I130>0,1,0) -> 1 | K130: 70 | L130: 55 | M130: =MIN(L130/50,1) -> 1 | N130: 3 | O130: =SUM(N130/3)*2 -> 2 | P130: 1 | Q130: 1 | R130: 10 | S130: =SUM(F130,H130,J130,M130,O130,P130,Q130) -> 6 | T130: =IFERROR(S130/10,0) -> 0.6 | U130: =S130-10 -> -4 | V130: =IF(T130>=1,"Achieved",IF(T130>=0.7,"Near Target",IF(T130>=0.5,"Average","Low Performance"))) -> Average
A131: 46278 | B131: Omar Sharif Arman | C131: Batch-3 | D131: OCDL SO | E131: 0 | F131: =IF(E131>0,3,0) -> 0 | G131: 2 | H131: =IF(G131>0,1,0) -> 1 | I131: 0 | J131: =IF(I131>0,1,0) -> 0 | K131: 61 | L131: 52 | M131: =MIN(L131/50,1) -> 1 | N131: 3 | O131: =SUM(N131/3)*2 -> 2 | P131: 1 | Q131: 1 | R131: 10 | S131: =SUM(F131,H131,J131,M131,O131,P131,Q131) -> 6 | T131: =IFERROR(S131/10,0) -> 0.6 | U131: =S131-10 -> -4 | V131: =IF(T131>=1,"Achieved",IF(T131>=0.7,"Near Target",IF(T131>=0.5,"Average","Low Performance"))) -> Average
A132: 46278 | B132: Safiqul Islam | C132: Batch-3 | D132: OCDL SO | E132: 0 | F132: =IF(E132>0,3,0) -> 0 | G132: 0 | H132: =IF(G132>0,1,0) -> 0 | I132: 1 | J132: =IF(I132>0,1,0) -> 1 | K132: 65 | L132: 40 | M132: =MIN(L132/50,1) -> 0.8 | N132: 3 | O132: =SUM(N132/3)*2 -> 2 | P132: 1 | Q132: 1 | R132: 10 | S132: =SUM(F132,H132,J132,M132,O132,P132,Q132) -> 5.8 | T132: =IFERROR(S132/10,0) -> 0.58 | U132: =S132-10 -> -4.2 | V132: =IF(T132>=1,"Achieved",IF(T132>=0.7,"Near Target",IF(T132>=0.5,"Average","Low Performance"))) -> Average
A133: 46278 | B133: Manir Sikder | C133: Batch-3 | D133: OCDL SO | E133: 0 | F133: =IF(E133>0,3,0) -> 0 | G133: 0 | H133: =IF(G133>0,1,0) -> 0 | I133: 1 | J133: =IF(I133>0,1,0) -> 1 | K133: 45 | L133: 35 | M133: =MIN(L133/50,1) -> 0.7 | N133: 2 | O133: =SUM(N133/3)*2 -> 1.3333333 | P133: 1 | Q133: 1 | R133: 10 | S133: =SUM(F133,H133,J133,M133,O133,P133,Q133) -> 5.0333333 | T133: =IFERROR(S133/10,0) -> 0.50333333 | U133: =S133-10 -> -4.9666667 | V133: =IF(T133>=1,"Achieved",IF(T133>=0.7,"Near Target",IF(T133>=0.5,"Average","Low Performance"))) -> Average
A134: 46278 | B134: Yeasin Rasel | C134: Batch-3 | D134: OCDL SO | E134: 0 | F134: =IF(E134>0,3,0) -> 0 | G134: 0 | H134: =IF(G134>0,1,0) -> 0 | I134: 1 | J134: =IF(I134>0,1,0) -> 1 | K134: 57 | L134: 50 | M134: =MIN(L134/50,1) -> 1 | N134: 3 | O134: =SUM(N134/3)*2 -> 2 | P134: 1 | Q134: 1 | R134: 10 | S134: =SUM(F134,H134,J134,M134,O134,P134,Q134) -> 6 | T134: =IFERROR(S134/10,0) -> 0.6 | U134: =S134-10 -> -4 | V134: =IF(T134>=1,"Achieved",IF(T134>=0.7,"Near Target",IF(T134>=0.5,"Average","Low Performance"))) -> Average
A135: 46279 | B135: Most. Liza Akter | C135: Batch-1 | D135: OCDL SO | E135: 0 | F135: =IF(E135>0,3,0) -> 0 | G135: 0 | H135: =IF(G135>0,1,0) -> 0 | I135: 0 | J135: =IF(I135>0,1,0) -> 0 | K135: 131 | L135: 54 | M135: =MIN(L135/50,1) -> 1 | N135: 4 | O135: =SUM(N135/3)*2 -> 2.6666667 | P135: 1 | Q135: 1 | R135: 10 | S135: =SUM(F135,H135,J135,M135,O135,P135,Q135) -> 5.6666667 | T135: =IFERROR(S135/10,0) -> 0.56666667 | U135: =S135-10 -> -4.3333333 | V135: =IF(T135>=1,"Achieved",IF(T135>=0.7,"Near Target",IF(T135>=0.5,"Average","Low Performance"))) -> Average
A136: 46279 | B136: Jakir Ahammed Noor | C136: Batch-1 | D136: OCDL SO | E136: 0 | F136: =IF(E136>0,3,0) -> 0 | G136: 1 | H136: =IF(G136>0,1,0) -> 1 | I136: 1 | J136: =IF(I136>0,1,0) -> 1 | K136: 70 | L136: 53 | M136: =MIN(L136/50,1) -> 1 | N136: 3 | O136: =SUM(N136/3)*2 -> 2 | P136: 1 | Q136: 1 | R136: 10 | S136: =SUM(F136,H136,J136,M136,O136,P136,Q136) -> 7 | T136: =IFERROR(S136/10,0) -> 0.7 | U136: =S136-10 -> -3 | V136: =IF(T136>=1,"Achieved",IF(T136>=0.7,"Near Target",IF(T136>=0.5,"Average","Low Performance"))) -> Near Target
A137: 46279 | B137: Anowar Hossain | C137: Batch-1 | D137: OCDL SO | E137: 0 | F137: =IF(E137>0,3,0) -> 0 | G137: 1 | H137: =IF(G137>0,1,0) -> 1 | I137: 1 | J137: =IF(I137>0,1,0) -> 1 | K137: 77 | L137: 52 | M137: =MIN(L137/50,1) -> 1 | N137: 3 | O137: =SUM(N137/3)*2 -> 2 | P137: 1 | Q137: 1 | R137: 10 | S137: =SUM(F137,H137,J137,M137,O137,P137,Q137) -> 7 | T137: =IFERROR(S137/10,0) -> 0.7 | U137: =S137-10 -> -3 | V137: =IF(T137>=1,"Achieved",IF(T137>=0.7,"Near Target",IF(T137>=0.5,"Average","Low Performance"))) -> Near Target
...

Sheet Daily KPI Entry Aug26
A1: OCDL Sales KPI Dashboard — Target vs Achievement : August'2026
A2: Date | B2: Employee | C2: Batch | D2: Branch | E2: Collection Achv. | F2: Collection Point | G2: Int. Meeting Achv. | H2: Int. Meeting Point | I2: Ext. Meeting Achv | J2: Ext. Meeting Point | K2: Talk Time | L2: Client Reach/ Follow-up Achv. | M2: Client Reach/ Follow-up Point | N2: Appointment Achv. | O2: Appointment Point | P2: Dig. Marketing Point | Q2: Att. & Discipline Point | R2: KPI Mark Target | S2: Total KPI Points | T2: KPI Achievement % | U2: Gap | V2: Status | W2: Remarks
A3: 46235 | B3: Most. Liza Akter | C3: Batch-1 | D3: OCDL SO | E3: 0 | F3: =IF(E3>0,3,0) -> 0 | G3: 0 | H3: =IF(G3>0,1,0) -> 0 | I3: 0 | J3: =IF(I3>0,1,0) -> 0 | K3: 104 | L3: 48 | M3: =MIN(L3/50,1) -> 0.96 | N3: 3 | O3: =SUM(N3/3)*2 -> 2 | P3: 1 | Q3: 1 | R3: 10 | S3: =SUM(F3,H3,J3,M3,O3,P3,Q3) -> 4.96 | T3: =IFERROR(S3/10,0) -> 0.496 | U3: =S3-10 -> -5.04 | V3: =IF(T3>=1,"Achieved",IF(T3>=0.7,"Near Target",IF(T3>=0.5,"Average","Low Performance"))) -> Low Performance
A4: 46235 | B4: Jakir Ahammed Noor | C4: Batch-1 | D4: OCDL SO | E4: 0 | F4: =IF(E4>0,3,0) -> 0 | G4: 0 | H4: =IF(G4>0,1,0) -> 0 | I4: 1 | J4: =IF(I4>0,1,0) -> 1 | K4: 59 | L4: 26 | M4: =MIN(L4/50,1) -> 0.52 | N4: 2 | O4: =SUM(N4/3)*2 -> 1.3333333 | P4: 1 | Q4: 1 | R4: 10 | S4: =SUM(F4,H4,J4,M4,O4,P4,Q4) -> 4.8533333 | T4: =IFERROR(S4/10,0) -> 0.48533333 | U4: =S4-10 -> -5.1466667 | V4: =IF(T4>=1,"Achieved",IF(T4>=0.7,"Near Target",IF(T4>=0.5,"Average","Low Performance"))) -> Low Performance
A5: 46235 | B5: Md. Shahinul Islam | C5: Batch-1 | D5: OCDL SO | E5: 0 | F5: =IF(E5>0,3,0) -> 0 | G5: 0 | H5: =IF(G5>0,1,0) -> 0 | I5: 0 | J5: =IF(I5>0,1,0) -> 0 | K5: 0 | L5: 0 | M5: =MIN(L5/50,1) -> 0 | N5: 0 | O5: =SUM(N5/3)*2 -> 0 | P5: 0 | Q5: 0 | R5: 10 | S5: =SUM(F5,H5,J5,M5,O5,P5,Q5) -> 0 | T5: =IFERROR(S5/10,0) -> 0 | U5: =S5-10 -> -10 | V5: =IF(T5>=1,"Achieved",IF(T5>=0.7,"Near Target",IF(T5>=0.5,"Average","Low Performance"))) -> Low Performance | W5: Leave
A6: 46235 | B6: Anowar Hossain | C6: Batch-1 | D6: OCDL SO | E6: 20000 | F6: =IF(E6>0,3,0) -> 3 | G6: 1 | H6: =IF(G6>0,1,0) -> 1 | I6: 0 | J6: =IF(I6>0,1,0) -> 0 | K6: 65 | L6: 37 | M6: =MIN(L6/50,1) -> 0.74 | N6: 2 | O6: =SUM(N6/3)*2 -> 1.3333333 | P6: 1 | Q6: 0.75 | R6: 10 | S6: =SUM(F6,H6,J6,M6,O6,P6,Q6) -> 7.8233333 | T6: =IFERROR(S6/10,0) -> 0.78233333 | U6: =S6-10 -> -2.1766667 | V6: =IF(T6>=1,"Achieved",IF(T6>=0.7,"Near Target",IF(T6>=0.5,"Average","Low Performance"))) -> Near Target
A7: 46235 | B7: Abrarul Haque Emon | C7: Batch-1 | D7: OCDL SO | E7: 0 | F7: =IF(E7>0,3,0) -> 0 | G7: 0 | H7: =IF(G7>0,1,0) -> 0 | I7: 1 | J7: =IF(I7>0,1,0) -> 1 | K7: 65 | L7: 32 | M7: =MIN(L7/50,1) -> 0.64 | N7: 2 | O7: =SUM(N7/3)*2 -> 1.3333333 | P7: 1 | Q7: 1 | R7: 10 | S7: =SUM(F7,H7,J7,M7,O7,P7,Q7) -> 4.9733333 | T7: =IFERROR(S7/10,0) -> 0.49733333 | U7: =S7-10 -> -5.0266667 | V7: =IF(T7>=1,"Achieved",IF(T7>=0.7,"Near Target",IF(T7>=0.5,"Average","Low Performance"))) -> Low Performance
A8: 46235 | B8: Md. Estiak Mahbub | C8: Batch-2 | D8: OCDL SO | E8: 0 | F8: =IF(E8>0,3,0) -> 0 | G8: 0 | H8: =IF(G8>0,1,0) -> 0 | I8: 1 | J8: =IF(I8>0,1,0) -> 1 | K8: 62 | L8: 41 | M8: =MIN(L8/50,1) -> 0.82 | N8: 2 | O8: =SUM(N8/3)*2 -> 1.3333333 | P8: 1 | Q8: 1 | R8: 10 | S8: =SUM(F8,H8,J8,M8,O8,P8,Q8) -> 5.1533333 | T8: =IFERROR(S8/10,0) -> 0.51533333 | U8: =S8-10 -> -4.8466667 | V8: =IF(T8>=1,"Achieved",IF(T8>=0.7,"Near Target",IF(T8>=0.5,"Average","Low Performance"))) -> Average
A9: 46235 | B9: Mst. Sharmin Akter Nabila | C9: Batch-2 | D9: OCDL SO | E9: 0 | F9: =IF(E9>0,3,0) -> 0 | G9: 0 | H9: =IF(G9>0,1,0) -> 0 | I9: 1 | J9: =IF(I9>0,1,0) -> 1 | K9: 73 | L9: 34 | M9: =MIN(L9/50,1) -> 0.68 | N9: 2 | O9: =SUM(N9/3)*2 -> 1.3333333 | P9: 1 | Q9: 1 | R9: 10 | S9: =SUM(F9,H9,J9,M9,O9,P9,Q9) -> 5.0133333 | T9: =IFERROR(S9/10,0) -> 0.50133333 | U9: =S9-10 -> -4.9866667 | V9: =IF(T9>=1,"Achieved",IF(T9>=0.7,"Near Target",IF(T9>=0.5,"Average","Low Performance"))) -> Average
A10: 46235 | B10: Afroza Yeasmin Rumi | C10: Batch-2 | D10: OCDL SO | E10: 0 | F10: =IF(E10>0,3,0) -> 0 | G10: 0 | H10: =IF(G10>0,1,0) -> 0 | I10: 1 | J10: =IF(I10>0,1,0) -> 1 | K10: 60 | L10: 49 | M10: =MIN(L10/50,1) -> 0.98 | N10: 1 | O10: =SUM(N10/3)*2 -> 0.66666667 | P10: 1 | Q10: 1 | R10: 10 | S10: =SUM(F10,H10,J10,M10,O10,P10,Q10) -> 4.6466667 | T10: =IFERROR(S10/10,0) -> 0.46466667 | U10: =S10-10 -> -5.3533333 | V10: =IF(T10>=1,"Achieved",IF(T10>=0.7,"Near Target",IF(T10>=0.5,"Average","Low Performance"))) -> Low Performance
A11: 46235 | B11: Maria Akter Mim | C11: Batch-2 | D11: OCDL SO | E11: 0 | F11: =IF(E11>0,3,0) -> 0 | G11: 0 | H11: =IF(G11>0,1,0) -> 0 | I11: 1 | J11: =IF(I11>0,1,0) -> 1 | K11: 61 | L11: 21 | M11: =MIN(L11/50,1) -> 0.42 | N11: 1 | O11: =SUM(N11/3)*2 -> 0.66666667 | P11: 1 | Q11: 1 | R11: 10 | S11: =SUM(F11,H11,J11,M11,O11,P11,Q11) -> 4.0866667 | T11: =IFERROR(S11/10,0) -> 0.40866667 | U11: =S11-10 -> -5.9133333 | V11: =IF(T11>=1,"Achieved",IF(T11>=0.7,"Near Target",IF(T11>=0.5,"Average","Low Performance"))) -> Low Performance
A12: 46235 | B12: Md. Jahid Hasan | C12: Batch-2 | D12: OCDL SO | E12: 0 | F12: =IF(E12>0,3,0) -> 0 | G12: 0 | H12: =IF(G12>0,1,0) -> 0 | I12: 1 | J12: =IF(I12>0,1,0) -> 1 | K12: 15 | L12: 50 | M12: =MIN(L12/50,1) -> 1 | N12: 1 | O12: =SUM(N12/3)*2 -> 0.66666667 | P12: 1 | Q12: 1 | R12: 10 | S12: =SUM(F12,H12,J12,M12,O12,P12,Q12) -> 4.6666667 | T12: =IFERROR(S12/10,0) -> 0.46666667 | U12: =S12-10 -> -5.3333333 | V12: =IF(T12>=1,"Achieved",IF(T12>=0.7,"Near Target",IF(T12>=0.5,"Average","Low Performance"))) -> Low Performance
A13: 46235 | B13: Omar Sharif Arman | C13: Batch-3 | D13: OCDL SO | E13: 0 | F13: =IF(E13>0,3,0) -> 0 | G13: 0 | H13: =IF(G13>0,1,0) -> 0 | I13: 0 | J13: =IF(I13>0,1,0) -> 0 | K13: 32 | L13: 6 | M13: =MIN(L13/50,1) -> 0.12 | N13: 0 | O13: =SUM(N13/3)*2 -> 0 | P13: 0 | Q13: 0.75 | R13: 10 | S13: =SUM(F13,H13,J13,M13,O13,P13,Q13) -> 0.87 | T13: =IFERROR(S13/10,0) -> 0.087 | U13: =S13-10 -> -9.13 | V13: =IF(T13>=1,"Achieved",IF(T13>=0.7,"Near Target",IF(T13>=0.5,"Average","Low Performance"))) -> Low Performance
A14: 46235 | B14: Md. Safiqul Islam | C14: Batch-3 | D14: OCDL SO | E14: 0 | F14: =IF(E14>0,3,0) -> 0 | G14: 0 | H14: =IF(G14>0,1,0) -> 0 | I14: 0 | J14: =IF(I14>0,1,0) -> 0 | K14: 0 | L14: 0 | M14: =MIN(L14/50,1) -> 0 | N14: 0 | O14: =SUM(N14/3)*2 -> 0 | P14: 0 | Q14: 0 | R14: 10 | S14: =SUM(F14,H14,J14,M14,O14,P14,Q14) -> 0 | T14: =IFERROR(S14/10,0) -> 0 | U14: =S14-10 -> -10 | V14: =IF(T14>=1,"Achieved",IF(T14>=0.7,"Near Target",IF(T14>=0.5,"Average","Low Performance"))) -> Low Performance | W14: Leave
A15: 46235 | B15: Md. Manir Sikder | C15: Batch-3 | D15: OCDL SO | E15: 0 | F15: =IF(E15>0,3,0) -> 0 | G15: 0 | H15: =IF(G15>0,1,0) -> 0 | I15: 0 | J15: =IF(I15>0,1,0) -> 0 | K15: 0 | L15: 0 | M15: =MIN(L15/50,1) -> 0 | N15: 0 | O15: =SUM(N15/3)*2 -> 0 | P15: 0 | Q15: 0 | R15: 10 | S15: =SUM(F15,H15,J15,M15,O15,P15,Q15) -> 0 | T15: =IFERROR(S15/10,0) -> 0 | U15: =S15-10 -> -10 | V15: =IF(T15>=1,"Achieved",IF(T15>=0.7,"Near Target",IF(T15>=0.5,"Average","Low Performance"))) -> Low Performance | W15: Leave
A16: 46235 | B16: Md. Yeasin Rasel | C16: Batch-3 | D16: OCDL SO | E16: 0 | F16: =IF(E16>0,3,0) -> 0 | G16: 0 | H16: =IF(G16>0,1,0) -> 0 | I16: 1 | J16: =IF(I16>0,1,0) -> 1 | K16: 64 | L16: 42 | M16: =MIN(L16/50,1) -> 0.84 | N16: 2 | O16: =SUM(N16/3)*2 -> 1.3333333 | P16: 1 | Q16: 1 | R16: 10 | S16: =SUM(F16,H16,J16,M16,O16,P16,Q16) -> 5.1733333 | T16: =IFERROR(S16/10,0) -> 0.51733333 | U16: =S16-10 -> -4.8266667 | V16: =IF(T16>=1,"Achieved",IF(T16>=0.7,"Near Target",IF(T16>=0.5,"Average","Low Performance"))) -> Average
A17: 46236 | B17: Most. Liza Akter | C17: Batch-1 | D17: OCDL SO | E17: 1000000 | F17: =IF(E17>0,3,0) -> 3 | G17: 0 | H17: =IF(G17>0,1,0) -> 0 | I17: 0 | J17: =IF(I17>0,1,0) -> 0 | K17: 90 | L17: 59 | M17: =MIN(L17/50,1) -> 1 | N17: 2 | O17: =SUM(N17/3)*2 -> 1.3333333 | P17: 1 | Q17: 1 | R17: 10 | S17: =SUM(F17,H17,J17,M17,O17,P17,Q17) -> 7.3333333 | T17: =IFERROR(S17/10,0) -> 0.73333333 | U17: =S17-10 -> -2.6666667 | V17: =IF(T17>=1,"Achieved",IF(T17>=0.7,"Near Target",IF(T17>=0.5,"Average","Low Performance"))) -> Near Target
A18: 46236 | B18: Jakir Ahammed Noor | C18: Batch-1 | D18: OCDL SO | E18: 0 | F18: =IF(E18>0,3,0) -> 0 | G18: 0 | H18: =IF(G18>0,1,0) -> 0 | I18: 0 | J18: =IF(I18>0,1,0) -> 0 | K18: 0 | L18: 0 | M18: =MIN(L18/50,1) -> 0 | O18: =SUM(N18/3)*2 -> 0 | P18: 0 | Q18: 0 | R18: 10 | S18: =SUM(F18,H18,J18,M18,O18,P18,Q18) -> 0 | T18: =IFERROR(S18/10,0) -> 0 | U18: =S18-10 -> -10 | V18: =IF(T18>=1,"Achieved",IF(T18>=0.7,"Near Target",IF(T18>=0.5,"Average","Low Performance"))) -> Low Performance | W18: Leave
A19: 46236 | B19: Md. Shahinul Islam | C19: Batch-1 | D19: OCDL SO | E19: 0 | F19: =IF(E19>0,3,0) -> 0 | G19: 0 | H19: =IF(G19>0,1,0) -> 0 | I19: 2 | J19: =IF(I19>0,1,0) -> 1 | K19: 71 | L19: 42 | M19: =MIN(L19/50,1) -> 0.84 | N19: 3 | O19: =SUM(N19/3)*2 -> 2 | P19: 1 | Q19: 1 | R19: 10 | S19: =SUM(F19,H19,J19,M19,O19,P19,Q19) -> 5.84 | T19: =IFERROR(S19/10,0) -> 0.584 | U19: =S19-10 -> -4.16 | V19: =IF(T19>=1,"Achieved",IF(T19>=0.7,"Near Target",IF(T19>=0.5,"Average","Low Performance"))) -> Average
A20: 46236 | B20: Anowar Hossain | C20: Batch-1 | D20: OCDL SO | E20: 0 | F20: =IF(E20>0,3,0) -> 0 | G20: 0 | H20: =IF(G20>0,1,0) -> 0 | I20: 0 | J20: =IF(I20>0,1,0) -> 0 | K20: 83 | L20: 53 | M20: =MIN(L20/50,1) -> 1 | N20: 3 | O20: =SUM(N20/3)*2 -> 2 | P20: 1 | Q20: 1 | R20: 10 | S20: =SUM(F20,H20,J20,M20,O20,P20,Q20) -> 5 | T20: =IFERROR(S20/10,0) -> 0.5 | U20: =S20-10 -> -5 | V20: =IF(T20>=1,"Achieved",IF(T20>=0.7,"Near Target",IF(T20>=0.5,"Average","Low Performance"))) -> Average
A21: 46236 | B21: Abrarul Haque Emon | C21: Batch-1 | D21: OCDL SO | E21: 0 | F21: =IF(E21>0,3,0) -> 0 | G21: 0 | H21: =IF(G21>0,1,0) -> 0 | I21: 0 | J21: =IF(I21>0,1,0) -> 0 | K21: 87 | L21: 60 | M21: =MIN(L21/50,1) -> 1 | N21: 2 | O21: =SUM(N21/3)*2 -> 1.3333333 | P21: 1 | Q21: 1 | R21: 10 | S21: =SUM(F21,H21,J21,M21,O21,P21,Q21) -> 4.3333333 | T21: =IFERROR(S21/10,0) -> 0.43333333 | U21: =S21-10 -> -5.6666667 | V21: =IF(T21>=1,"Achieved",IF(T21>=0.7,"Near Target",IF(T21>=0.5,"Average","Low Performance"))) -> Low Performance
A22: 46236 | B22: Md. Estiak Mahbub | C22: Batch-2 | D22: OCDL SO | E22: 0 | F22: =IF(E22>0,3,0) -> 0 | G22: 0 | H22: =IF(G22>0,1,0) -> 0 | I22: 0 | J22: =IF(I22>0,1,0) -> 0 | K22: 62 | L22: 49 | M22: =MIN(L22/50,1) -> 0.98 | N22: 2 | O22: =SUM(N22/3)*2 -> 1.3333333 | P22: 1 | Q22: 1 | R22: 10 | S22: =SUM(F22,H22,J22,M22,O22,P22,Q22) -> 4.3133333 | T22: =IFERROR(S22/10,0) -> 0.43133333 | U22: =S22-10 -> -5.6866667 | V22: =IF(T22>=1,"Achieved",IF(T22>=0.7,"Near Target",IF(T22>=0.5,"Average","Low Performance"))) -> Low Performance
A23: 46236 | B23: Mst. Sharmin Akter Nabila | C23: Batch-2 | D23: OCDL SO | E23: 10000 | F23: =IF(E23>0,3,0) -> 3 | G23: 0 | H23: =IF(G23>0,1,0) -> 0 | I23: 1 | J23: =IF(I23>0,1,0) -> 1 | K23: 67 | L23: 55 | M23: =MIN(L23/50,1) -> 1 | N23: 1 | O23: =SUM(N23/3)*2 -> 0.66666667 | P23: 1 | Q23: 1 | R23: 10 | S23: =SUM(F23,H23,J23,M23,O23,P23,Q23) -> 7.6666667 | T23: =IFERROR(S23/10,0) -> 0.76666667 | U23: =S23-10 -> -2.3333333 | V23: =IF(T23>=1,"Achieved",IF(T23>=0.7,"Near Target",IF(T23>=0.5,"Average","Low Performance"))) -> Near Target
A24: 46236 | B24: Afroza Yeasmin Rumi | C24: Batch-2 | D24: OCDL SO | E24: 0 | F24: =IF(E24>0,3,0) -> 0 | G24: 1 | H24: =IF(G24>0,1,0) -> 1 | I24: 0 | J24: =IF(I24>0,1,0) -> 0 | K24: 91 | L24: 48 | M24: =MIN(L24/50,1) -> 0.96 | N24: 1 | O24: =SUM(N24/3)*2 -> 0.66666667 | P24: 1 | Q24: 1 | R24: 10 | S24: =SUM(F24,H24,J24,M24,O24,P24,Q24) -> 4.6266667 | T24: =IFERROR(S24/10,0) -> 0.46266667 | U24: =S24-10 -> -5.3733333 | V24: =IF(T24>=1,"Achieved",IF(T24>=0.7,"Near Target",IF(T24>=0.5,"Average","Low Performance"))) -> Low Performance
A25: 46236 | B25: Maria Akter Mim | C25: Batch-2 | D25: OCDL SO | E25: 0 | F25: =IF(E25>0,3,0) -> 0 | G25: 2 | H25: =IF(G25>0,1,0) -> 1 | I25: 0 | J25: =IF(I25>0,1,0) -> 0 | K25: 64 | L25: 42 | M25: =MIN(L25/50,1) -> 0.84 | N25: 1 | O25: =SUM(N25/3)*2 -> 0.66666667 | P25: 1 | Q25: 1 | R25: 10 | S25: =SUM(F25,H25,J25,M25,O25,P25,Q25) -> 4.5066667 | T25: =IFERROR(S25/10,0) -> 0.45066667 | U25: =S25-10 -> -5.4933333 | V25: =IF(T25>=1,"Achieved",IF(T25>=0.7,"Near Target",IF(T25>=0.5,"Average","Low Performance"))) -> Low Performance
A26: 46236 | B26: Md. Jahid Hasan | C26: Batch-2 | D26: OCDL SO | E26: 0 | F26: =IF(E26>0,3,0) -> 0 | G26: 0 | H26: =IF(G26>0,1,0) -> 0 | I26: 2 | J26: =IF(I26>0,1,0) -> 1 | K26: 65 | L26: 38 | M26: =MIN(L26/50,1) -> 0.76 | N26: 1 | O26: =SUM(N26/3)*2 -> 0.66666667 | P26: 1 | Q26: 0.75 | R26: 10 | S26: =SUM(F26,H26,J26,M26,O26,P26,Q26) -> 4.1766667 | T26: =IFERROR(S26/10,0) -> 0.41766667 | U26: =S26-10 -> -5.8233333 | V26: =IF(T26>=1,"Achieved",IF(T26>=0.7,"Near Target",IF(T26>=0.5,"Average","Low Performance"))) -> Low Performance
A27: 46236 | B27: Omar Sharif Arman | C27: Batch-3 | D27: OCDL SO | E27: 0 | F27: =IF(E27>0,3,0) -> 0 | G27: 0 | H27: =IF(G27>0,1,0) -> 0 | I27: 0 | J27: =IF(I27>0,1,0) -> 0 | K27: 54 | L27: 16 | M27: =MIN(L27/50,1) -> 0.32 | N27: 1 | O27: =SUM(N27/3)*2 -> 0.66666667 | P27: 1 | Q27: 0.75 | R27: 10 | S27: =SUM(F27,H27,J27,M27,O27,P27,Q27) -> 2.7366667 | T27: =IFERROR(S27/10,0) -> 0.27366667 | U27: =S27-10 -> -7.2633333 | V27: =IF(T27>=1,"Achieved",IF(T27>=0.7,"Near Target",IF(T27>=0.5,"Average","Low Performance"))) -> Low Performance
A28: 46236 | B28: Md. Safiqul Islam | C28: Batch-3 | D28: OCDL SO | E28: 0 | F28: =IF(E28>0,3,0) -> 0 | G28: 0 | H28: =IF(G28>0,1,0) -> 0 | I28: 0 | J28: =IF(I28>0,1,0) -> 0 | K28: 51 | L28: 19 | M28: =MIN(L28/50,1) -> 0.38 | N28: 2 | O28: =SUM(N28/3)*2 -> 1.3333333 | P28: 1 | Q28: 1 | R28: 10 | S28: =SUM(F28,H28,J28,M28,O28,P28,Q28) -> 3.7133333 | T28: =IFERROR(S28/10,0) -> 0.37133333 | U28: =S28-10 -> -6.2866667 | V28: =IF(T28>=1,"Achieved",IF(T28>=0.7,"Near Target",IF(T28>=0.5,"Average","Low Performance"))) -> Low Performance
A29: 46236 | B29: Md. Manir Sikder | C29: Batch-3 | D29: OCDL SO | E29: 5000 | F29: =IF(E29>0,3,0) -> 3 | G29: 0 | H29: =IF(G29>0,1,0) -> 0 | I29: 0 | J29: =IF(I29>0,1,0) -> 0 | K29: 47 | L29: 28 | M29: =MIN(L29/50,1) -> 0.56 | N29: 1 | O29: =SUM(N29/3)*2 -> 0.66666667 | P29: 1 | Q29: 1 | R29: 10 | S29: =SUM(F29,H29,J29,M29,O29,P29,Q29) -> 6.2266667 | T29: =IFERROR(S29/10,0) -> 0.62266667 | U29: =S29-10 -> -3.7733333 | V29: =IF(T29>=1,"Achieved",IF(T29>=0.7,"Near Target",IF(T29>=0.5,"Average","Low Performance"))) -> Average
A30: 46236 | B30: Md. Yeasin Rasel | C30: Batch-3 | D30: OCDL SO | E30: 0 | F30: =IF(E30>0,3,0) -> 0 | G30: 0 | H30: =IF(G30>0,1,0) -> 0 | I30: 0 | J30: =IF(I30>0,1,0) -> 0 | K30: 51 | L30: 54 | M30: =MIN(L30/50,1) -> 1 | N30: 1 | O30: =SUM(N30/3)*2 -> 0.66666667 | P30: 1 | Q30: 0.75 | R30: 10 | S30: =SUM(F30,H30,J30,M30,O30,P30,Q30) -> 3.4166667 | T30: =IFERROR(S30/10,0) -> 0.34166667 | U30: =S30-10 -> -6.5833333 | V30: =IF(T30>=1,"Achieved",IF(T30>=0.7,"Near Target",IF(T30>=0.5,"Average","Low Performance"))) -> Low Performance
... A61: 46240 | B61: Md. Shahinul Islam | C61: Batch-1 | D61: OCDL SO | E61: 0 | F61: =IF(E61>0,3,0) -> 0 | G61: 0 | H61: =IF(G61>0,1,0) -> 0 | I61: 1 | J61: =IF(I61>0,1,0) -> 1 | K61: 69 | L61: 52 | M61: =MIN(L61/50,1) -> 1 | N61: 3 | O61: =SUM(N61/3)*2 -> 2 | P61: 1 | Q61: 1 | R61: 10 | S61: =SUM(F61,H61,J61,M61,O61,P61,Q61) -> 6 | T61: =IFERROR(S61/10,0) -> 0.6 | U61: =S61-10 -> -4 | V61: =IF(T61>=1,"Achieved",IF(T61>=0.7,"Near Target",IF(T61>=0.5,"Average","Low Performance"))) -> Average
A62: 46240 | B62: Anowar Hossain | C62: Batch-1 | D62: OCDL SO | E62: 0 | F62: =IF(E62>0,3,0) -> 0 | G62: 0 | H62: =IF(G62>0,1,0) -> 0 | I62: 0 | J62: =IF(I62>0,1,0) -> 0 | K62: 0 | L62: 0 | M62: =MIN(L62/50,1) -> 0 | N62: 0 | O62: =SUM(N62/3)*2 -> 0 | P62: 0 | Q62: 0 | R62: 10 | S62: =SUM(F62,H62,J62,M62,O62,P62,Q62) -> 0 | T62: =IFERROR(S62/10,0) -> 0 | U62: =S62-10 -> -10 | V62: =IF(T62>=1,"Achieved",IF(T62>=0.7,"Near Target",IF(T62>=0.5,"Average","Low Performance"))) -> Low Performance | W62: Leave
A63: 46240 | B63: Abrarul Haque Emon | C63: Batch-1 | D63: OCDL SO | E63: 0 | F63: =IF(E63>0,3,0) -> 0 | G63: 1 | H63: =IF(G63>0,1,0) -> 1 | I63: 1 | J63: =IF(I63>0,1,0) -> 1 | K63: 66 | L63: 54 | M63: =MIN(L63/50,1) -> 1 | N63: 3 | O63: =SUM(N63/3)*2 -> 2 | P63: 1 | Q63: 1 | R63: 10 | S63: =SUM(F63,H63,J63,M63,O63,P63,Q63) -> 7 | T63: =IFERROR(S63/10,0) -> 0.7 | U63: =S63-10 -> -3 | V63: =IF(T63>=1,"Achieved",IF(T63>=0.7,"Near Target",IF(T63>=0.5,"Average","Low Performance"))) -> Near Target
A64: 46240 | B64: Md. Estiak Mahbub | C64: Batch-2 | D64: OCDL SO | E64: 0 | F64: =IF(E64>0,3,0) -> 0 | G64: 1 | H64: =IF(G64>0,1,0) -> 1 | I64: 0 | J64: =IF(I64>0,1,0) -> 0 | K64: 44 | L64: 29 | M64: =MIN(L64/50,1) -> 0.58 | N64: 1 | O64: =SUM(N64/3)*2 -> 0.66666667 | P64: 1 | Q64: 1 | R64: 10 | S64: =SUM(F64,H64,J64,M64,O64,P64,Q64) -> 4.2466667 | T64: =IFERROR(S64/10,0) -> 0.42466667 | U64: =S64-10 -> -5.7533333 | V64: =IF(T64>=1,"Achieved",IF(T64>=0.7,"Near Target",IF(T64>=0.5,"Average","Low Performance"))) -> Low Performance
A65: 46240 | B65: Mst. Sharmin Akter Nabila | C65: Batch-2 | D65: OCDL SO | E65: 0 | F65: =IF(E65>0,3,0) -> 0 | G65: 1 | H65: =IF(G65>0,1,0) -> 1 | I65: 0 | J65: =IF(I65>0,1,0) -> 0 | K65: 56 | L65: 32 | M65: =MIN(L65/50,1) -> 0.64 | N65: 1 | O65: =SUM(N65/3)*2 -> 0.66666667 | P65: 1 | Q65: 1 | R65: 10 | S65: =SUM(F65,H65,J65,M65,O65,P65,Q65) -> 4.3066667 | T65: =IFERROR(S65/10,0) -> 0.43066667 | U65: =S65-10 -> -5.6933333 | V65: =IF(T65>=1,"Achieved",IF(T65>=0.7,"Near Target",IF(T65>=0.5,"Average","Low Performance"))) -> Low Performance
A66: 46240 | B66: Afroza Yeasmin Rumi | C66: Batch-2 | D66: OCDL SO | E66: 0 | F66: =IF(E66>0,3,0) -> 0 | G66: 0 | H66: =IF(G66>0,1,0) -> 0 | I66: 0 | J66: =IF(I66>0,1,0) -> 0 | K66: 0 | L66: 0 | M66: =MIN(L66/50,1) -> 0 | N66: 0 | O66: =SUM(N66/3)*2 -> 0 | P66: 0 | Q66: 0 | R66: 10 | S66: =SUM(F66,H66,J66,M66,O66,P66,Q66) -> 0 | T66: =IFERROR(S66/10,0) -> 0 | U66: =S66-10 -> -10 | V66: =IF(T66>=1,"Achieved",IF(T66>=0.7,"Near Target",IF(T66>=0.5,"Average","Low Performance"))) -> Low Performance | W66: Sick
A67: 46240 | B67: Maria Akter Mim | C67: Batch-2 | D67: OCDL SO | E67: 0 | F67: =IF(E67>0,3,0) -> 0 | G67: 1 | H67: =IF(G67>0,1,0) -> 1 | I67: 0 | J67: =IF(I67>0,1,0) -> 0 | K67: 60 | L67: 35 | M67: =MIN(L67/50,1) -> 0.7 | N67: 1 | O67: =SUM(N67/3)*2 -> 0.66666667 | P67: 1 | Q67: 1 | R67: 10 | S67: =SUM(F67,H67,J67,M67,O67,P67,Q67) -> 4.3666667 | T67: =IFERROR(S67/10,0) -> 0.43666667 | U67: =S67-10 -> -5.6333333 | V67: =IF(T67>=1,"Achieved",IF(T67>=0.7,"Near Target",IF(T67>=0.5,"Average","Low Performance"))) -> Low Performance
A68: 46240 | B68: Md. Jahid Hasan | C68: Batch-2 | D68: OCDL SO | E68: 0 | F68: =IF(E68>0,3,0) -> 0 | G68: 0 | H68: =IF(G68>0,1,0) -> 0 | I68: 1 | J68: =IF(I68>0,1,0) -> 1 | K68: 65 | L68: 45 | M68: =MIN(L68/50,1) -> 0.9 | N68: 1 | O68: =SUM(N68/3)*2 -> 0.66666667 | P68: 1 | Q68: 1 | R68: 10 | S68: =SUM(F68,H68,J68,M68,O68,P68,Q68) -> 4.5666667 | T68: =IFERROR(S68/10,0) -> 0.45666667 | U68: =S68-10 -> -5.4333333 | V68: =IF(T68>=1,"Achieved",IF(T68>=0.7,"Near Target",IF(T68>=0.5,"Average","Low Performance"))) -> Low Performance
A69: 46240 | B69: Omar Sharif Arman | C69: Batch-3 | D69: OCDL SO | E69: 0 | F69: =IF(E69>0,3,0) -> 0 | G69: 0 | H69: =IF(G69>0,1,0) -> 0 | I69: 1 | J69: =IF(I69>0,1,0) -> 1 | K69: 40 | L69: 40 | M69: =MIN(L69/50,1) -> 0.8 | N69: 2 | O69: =SUM(N69/3)*2 -> 1.3333333 | P69: 1 | Q69: 1 | R69: 10 | S69: =SUM(F69,H69,J69,M69,O69,P69,Q69) -> 5.1333333 | T69: =IFERROR(S69/10,0) -> 0.51333333 | U69: =S69-10 -> -4.8666667 | V69: =IF(T69>=1,"Achieved",IF(T69>=0.7,"Near Target",IF(T69>=0.5,"Average","Low Performance"))) -> Average
A70: 46240 | B70: Md. Safiqul Islam | C70: Batch-3 | D70: OCDL SO | E70: 0 | F70: =IF(E70>0,3,0) -> 0 | G70: 2 | H70: =IF(G70>0,1,0) -> 1 | I70: 0 | J70: =IF(I70>0,1,0) -> 0 | K70: 58 | L70: 32 | M70: =MIN(L70/50,1) -> 0.64 | N70: 2 | O70: =SUM(N70/3)*2 -> 1.3333333 | P70: 1 | Q70: 1 | R70: 10 | S70: =SUM(F70,H70,J70,M70,O70,P70,Q70) -> 4.9733333 | T70: =IFERROR(S70/10,0) -> 0.49733333 | U70: =S70-10 -> -5.0266667 | V70: =IF(T70>=1,"Achieved",IF(T70>=0.7,"Near Target",IF(T70>=0.5,"Average","Low Performance"))) -> Low Performance
A71: 46240 | B71: Md. Manir Sikder | C71: Batch-3 | D71: OCDL SO | E71: 0 | F71: =IF(E71>0,3,0) -> 0 | G71: 0 | H71: =IF(G71>0,1,0) -> 0 | I71: 0 | J71: =IF(I71>0,1,0) -> 0 | K71: 0 | L71: 0 | M71: =MIN(L71/50,1) -> 0 | N71: 0 | O71: =SUM(N71/3)*2 -> 0 | P71: 0 | Q71: 0 | R71: 10 | S71: =SUM(F71,H71,J71,M71,O71,P71,Q71) -> 0 | T71: =IFERROR(S71/10,0) -> 0 | U71: =S71-10 -> -10 | V71: =IF(T71>=1,"Achieved",IF(T71>=0.7,"Near Target",IF(T71>=0.5,"Average","Low Performance"))) -> Low Performance | W71: Leave
A72: 46240 | B72: Md. Yeasin Rasel | C72: Batch-3 | D72: OCDL SO | E72: 0 | F72: =IF(E72>0,3,0) -> 0 | G72: 0 | H72: =IF(G72>0,1,0) -> 0 | I72: 1 | J72: =IF(I72>0,1,0) -> 1 | K72: 0 | L72: 46 | M72: =MIN(L72/50,1) -> 0.92 | N72: 2 | O72: =SUM(N72/3)*2 -> 1.3333333 | P72: 1 | Q72: 1 | R72: 10 | S72: =SUM(F72,H72,J72,M72,O72,P72,Q72) -> 5.2533333 | T72: =IFERROR(S72/10,0) -> 0.52533333 | U72: =S72-10 -> -4.7466667 | V72: =IF(T72>=1,"Achieved",IF(T72>=0.7,"Near Target",IF(T72>=0.5,"Average","Low Performance"))) -> Average
A73: 46242 | B73: Most. Liza Akter | C73: Batch-1 | D73: OCDL SO | E73: 0 | F73: =IF(E73>0,3,0) -> 0 | G73: 0 | H73: =IF(G73>0,1,0) -> 0 | I73: 1 | J73: =IF(I73>0,1,0) -> 1 | K73: 119 | L73: 58 | M73: =MIN(L73/50,1) -> 1 | N73: 3 | O73: =SUM(N73/3)*2 -> 2 | P73: 1 | Q73: 1 | R73: 10 | S73: =SUM(F73,H73,J73,M73,O73,P73,Q73) -> 6 | T73: =IFERROR(S73/10,0) -> 0.6 | U73: =S73-10 -> -4 | V73: =IF(T73>=1,"Achieved",IF(T73>=0.7,"Near Target",IF(T73>=0.5,"Average","Low Performance"))) -> Average
A74: 46242 | B74: Jakir Ahammed Noor | C74: Batch-1 | D74: OCDL SO | E74: 0 | F74: =IF(E74>0,3,0) -> 0 | G74: 0 | H74: =IF(G74>0,1,0) -> 0 | I74: 1 | J74: =IF(I74>0,1,0) -> 1 | K74: 63 | L74: 63 | M74: =MIN(L74/50,1) -> 1 | N74: 3 | O74: =SUM(N74/3)*2 -> 2 | P74: 1 | Q74: 1 | R74: 10 | S74: =SUM(F74,H74,J74,M74,O74,P74,Q74) -> 6 | T74: =IFERROR(S74/10,0) -> 0.6 | U74: =S74-10 -> -4 | V74: =IF(T74>=1,"Achieved",IF(T74>=0.7,"Near Target",IF(T74>=0.5,"Average","Low Performance"))) -> Average
A75: 46242 | B75: Md. Shahinul Islam | C75: Batch-1 | D75: OCDL SO | E75: 0 | F75: =IF(E75>0,3,0) -> 0 | G75: 0 | H75: =IF(G75>0,1,0) -> 0 | I75: 1 | J75: =IF(I75>0,1,0) -> 1 | K75: 48 | L75: 48 | M75: =MIN(L75/50,1) -> 0.96 | N75: 2 | O75: =SUM(N75/3)*2 -> 1.3333333 | P75: 1 | Q75: 1 | R75: 10 | S75: =SUM(F75,H75,J75,M75,O75,P75,Q75) -> 5.2933333 | T75: =IFERROR(S75/10,0) -> 0.52933333 | U75: =S75-10 -> -4.7066667 | V75: =IF(T75>=1,"Achieved",IF(T75>=0.7,"Near Target",IF(T75>=0.5,"Average","Low Performance"))) -> Average
A76: 46242 | B76: Anowar Hossain | C76: Batch-1 | D76: OCDL SO | E76: 0 | F76: =IF(E76>0,3,0) -> 0 | G76: 0 | H76: =IF(G76>0,1,0) -> 0 | I76: 1 | J76: =IF(I76>0,1,0) -> 1 | K76: 59 | L76: 43 | M76: =MIN(L76/50,1) -> 0.86 | N76: 3 | O76: =SUM(N76/3)*2 -> 2 | P76: 1 | Q76: 0.75 | R76: 10 | S76: =SUM(F76,H76,J76,M76,O76,P76,Q76) -> 5.61 | T76: =IFERROR(S76/10,0) -> 0.561 | U76: =S76-10 -> -4.39 | V76: =IF(T76>=1,"Achieved",IF(T76>=0.7,"Near Target",IF(T76>=0.5,"Average","Low Performance"))) -> Average
A77: 46242 | B77: Abrarul Haque Emon | C77: Batch-1 | D77: OCDL SO | E77: 0 | F77: =IF(E77>0,3,0) -> 0 | G77: 0 | H77: =IF(G77>0,1,0) -> 0 | I77: 1 | J77: =IF(I77>0,1,0) -> 1 | K77: 71 | L77: 50 | M77: =MIN(L77/50,1) -> 1 | N77: 3 | O77: =SUM(N77/3)*2 -> 2 | P77: 1 | Q77: 0.75 | R77: 10 | S77: =SUM(F77,H77,J77,M77,O77,P77,Q77) -> 5.75 | T77: =IFERROR(S77/10,0) -> 0.575 | U77: =S77-10 -> -4.25 | V77: =IF(T77>=1,"Achieved",IF(T77>=0.7,"Near Target",IF(T77>=0.5,"Average","Low Performance"))) -> Average
A78: 46242 | B78: Md. Estiak Mahbub | C78: Batch-2 | D78: OCDL SO | E78: 0 | F78: =IF(E78>0,3,0) -> 0 | G78: 0 | H78: =IF(G78>0,1,0) -> 0 | I78: 0 | J78: =IF(I78>0,1,0) -> 0 | K78: 0 | L78: 0 | M78: =MIN(L78/50,1) -> 0 | N78: 0 | O78: =SUM(N78/3)*2 -> 0 | P78: 0 | Q78: 0 | R78: 10 | S78: =SUM(F78,H78,J78,M78,O78,P78,Q78) -> 0 | T78: =IFERROR(S78/10,0) -> 0 | U78: =S78-10 -> -10 | V78: =IF(T78>=1,"Achieved",IF(T78>=0.7,"Near Target",IF(T78>=0.5,"Average","Low Performance"))) -> Low Performance | W78: Leave
A79: 46242 | B79: Mst. Sharmin Akter Nabila | C79: Batch-2 | D79: OCDL SO | E79: 0 | F79: =IF(E79>0,3,0) -> 0 | G79: 1 | H79: =IF(G79>0,1,0) -> 1 | I79: 2 | J79: =IF(I79>0,1,0) -> 1 | K79: 42 | L79: 22 | M79: =MIN(L79/50,1) -> 0.44 | N79: 1 | O79: =SUM(N79/3)*2 -> 0.66666667 | P79: 1 | Q79: 1 | R79: 10 | S79: =SUM(F79,H79,J79,M79,O79,P79,Q79) -> 5.1066667 | T79: =IFERROR(S79/10,0) -> 0.51066667 | U79: =S79-10 -> -4.8933333 | V79: =IF(T79>=1,"Achieved",IF(T79>=0.7,"Near Target",IF(T79>=0.5,"Average","Low Performance"))) -> Average
A80: 46242 | B80: Afroza Yeasmin Rumi | C80: Batch-2 | D80: OCDL SO | E80: 0 | F80: =IF(E80>0,3,0) -> 0 | G80: 0 | H80: =IF(G80>0,1,0) -> 0 | I80: 0 | J80: =IF(I80>0,1,0) -> 0 | K80: 81 | L80: 50 | M80: =MIN(L80/50,1) -> 1 | N80: 1 | O80: =SUM(N80/3)*2 -> 0.66666667 | P80: 1 | Q80: 1 | R80: 10 | S80: =SUM(F80,H80,J80,M80,O80,P80,Q80) -> 3.6666667 | T80: =IFERROR(S80/10,0) -> 0.36666667 | U80: =S80-10 -> -6.3333333 | V80: =IF(T80>=1,"Achieved",IF(T80>=0.7,"Near Target",IF(T80>=0.5,"Average","Low Performance"))) -> Low Performance
A81: 46242 | B81: Maria Akter Mim | C81: Batch-2 | D81: OCDL SO | E81: 0 | F81: =IF(E81>0,3,0) -> 0 | G81: 0 | H81: =IF(G81>0,1,0) -> 0 | I81: 1 | J81: =IF(I81>0,1,0) -> 1 | K81: 60 | L81: 40 | M81: =MIN(L81/50,1) -> 0.8 | N81: 1 | O81: =SUM(N81/3)*2 -> 0.66666667 | P81: 1 | Q81: 1 | R81: 10 | S81: =SUM(F81,H81,J81,M81,O81,P81,Q81) -> 4.4666667 | T81: =IFERROR(S81/10,0) -> 0.44666667 | U81: =S81-10 -> -5.5333333 | V81: =IF(T81>=1,"Achieved",IF(T81>=0.7,"Near Target",IF(T81>=0.5,"Average","Low Performance"))) -> Low Performance
A82: 46242 | B82: Md. Jahid Hasan | C82: Batch-2 | D82: OCDL SO | E82: 0 | F82: =IF(E82>0,3,0) -> 0 | G82: 0 | H82: =IF(G82>0,1,0) -> 0 | I82: 0 | J82: =IF(I82>0,1,0) -> 0 | K82: 0 | L82: 0 | M82: =MIN(L82/50,1) -> 0 | N82: 0 | O82: =SUM(N82/3)*2 -> 0 | P82: 0 | Q82: 0 | R82: 10 | S82: =SUM(F82,H82,J82,M82,O82,P82,Q82) -> 0 | T82: =IFERROR(S82/10,0) -> 0 | U82: =S82-10 -> -10 | V82: =IF(T82>=1,"Achieved",IF(T82>=0.7,"Near Target",IF(T82>=0.5,"Average","Low Performance"))) -> Low Performance | W82: Leave
A83: 46242 | B83: Omar Sharif Arman | C83: Batch-3 | D83: OCDL SO | E83: 0 | F83: =IF(E83>0,3,0) -> 0 | G83: 0 | H83: =IF(G83>0,1,0) -> 0 | I83: 1 | J83: =IF(I83>0,1,0) -> 1 | K83: 55 | L83: 30 | M83: =MIN(L83/50,1) -> 0.6 | N83: 2 | O83: =SUM(N83/3)*2 -> 1.3333333 | P83: 1 | Q83: 0.75 | R83: 10 | S83: =SUM(F83,H83,J83,M83,O83,P83,Q83) -> 4.6833333 | T83: =IFERROR(S83/10,0) -> 0.46833333 | U83: =S83-10 -> -5.3166667 | V83: =IF(T83>=1,"Achieved",IF(T83>=0.7,"Near Target",IF(T83>=0.5,"Average","Low Performance"))) -> Low Performance
A84: 46242 | B84: Md. Safiqul Islam | C84: Batch-3 | D84: OCDL SO | E84: 0 | F84: =IF(E84>0,3,0) -> 0 | G84: 0 | H84: =IF(G84>0,1,0) -> 0 | I84: 2 | J84: =IF(I84>0,1,0) -> 1 | K84: 60 | L84: 60 | M84: =MIN(L84/50,1) -> 1 | N84: 2 | O84: =SUM(N84/3)*2 -> 1.3333333 | P84: 1 | Q84: 1 | R84: 10 | S84: =SUM(F84,H84,J84,M84,O84,P84,Q84) -> 5.3333333 | T84: =IFERROR(S84/10,0) -> 0.53333333 | U84: =S84-10 -> -4.6666667 | V84: =IF(T84>=1,"Achieved",IF(T84>=0.7,"Near Target",IF(T84>=0.5,"Average","Low Performance"))) -> Average
A85: 46242 | B85: Md. Manir Sikder | C85: Batch-3 | D85: OCDL SO | E85: 0 | F85: =IF(E85>0,3,0) -> 0 | G85: 0 | H85: =IF(G85>0,1,0) -> 0 | I85: 2 | J85: =IF(I85>0,1,0) -> 1 | K85: 63 | L85: 56 | M85: =MIN(L85/50,1) -> 1 | N85: 1 | O85: =SUM(N85/3)*2 -> 0.66666667 | P85: 1 | Q85: 1 | R85: 10 | S85: =SUM(F85,H85,J85,M85,O85,P85,Q85) -> 4.6666667 | T85: =IFERROR(S85/10,0) -> 0.46666667 | U85: =S85-10 -> -5.3333333 | V85: =IF(T85>=1,"Achieved",IF(T85>=0.7,"Near Target",IF(T85>=0.5,"Average","Low Performance"))) -> Low Performance
A86: 46242 | B86: Md. Yeasin Rasel | C86: Batch-3 | D86: OCDL SO | E86: 0 | F86: =IF(E86>0,3,0) -> 0 | G86: 0 | H86: =IF(G86>0,1,0) -> 0 | I86: 2 | J86: =IF(I86>0,1,0) -> 1 | K86: 55 | L86: 41 | M86: =MIN(L86/50,1) -> 0.82 | N86: 1 | O86: =SUM(N86/3)*2 -> 0.66666667 | P86: 1 | Q86: 1 | R86: 10 | S86: =SUM(F86,H86,J86,M86,O86,P86,Q86) -> 4.4866667 | T86: =IFERROR(S86/10,0) -> 0.44866667 | U86: =S86-10 -> -5.5133333 | V86: =IF(T86>=1,"Achieved",IF(T86>=0.7,"Near Target",IF(T86>=0.5,"Average","Low Performance"))) -> Low Performance
A87: 46243 | B87: Most. Liza Akter | C87: Batch-1 | D87: OCDL SO | E87: 0 | F87: =IF(E87>0,3,0) -> 0 | G87: 0 | H87: =IF(G87>0,1,0) -> 0 | I87: 1 | J87: =IF(I87>0,1,0) -> 1 | K87: 98 | L87: 53 | M87: =MIN(L87/50,1) -> 1 | N87: 3 | O87: =SUM(N87/3)*2 -> 2 | P87: 1 | Q87: 1 | R87: 10 | S87: =SUM(F87,H87,J87,M87,O87,P87,Q87) -> 6 | T87: =IFERROR(S87/10,0) -> 0.6 | U87: =S87-10 -> -4 | V87: =IF(T87>=1,"Achieved",IF(T87>=0.7,"Near Target",IF(T87>=0.5,"Average","Low Performance"))) -> Average
A88: 46243 | B88: Jakir Ahammed Noor | C88: Batch-1 | D88: OCDL SO | E88: 0 | F88: =IF(E88>0,3,0) -> 0 | G88: 2 | H88: =IF(G88>0,1,0) -> 1 | I88: 1 | J88: =IF(I88>0,1,0) -> 1 | K88: 63 | L88: 32 | M88: =MIN(L88/50,1) -> 0.64 | N88: 2 | O88: =SUM(N88/3)*2 -> 1.3333333 | P88: 1 | Q88: 0.75 | R88: 10 | S88: =SUM(F88,H88,J88,M88,O88,P88,Q88) -> 5.7233333 | T88: =IFERROR(S88/10,0) -> 0.57233333 | U88: =S88-10 -> -4.2766667 | V88: =IF(T88>=1,"Achieved",IF(T88>=0.7,"Near Target",IF(T88>=0.5,"Average","Low Performance"))) -> Average
A89: 46243 | B89: Md. Shahinul Islam | C89: Batch-1 | D89: OCDL SO | E89: 0 | F89: =IF(E89>0,3,0) -> 0 | G89: 0 | H89: =IF(G89>0,1,0) -> 0 | I89: 2 | J89: =IF(I89>0,1,0) -> 1 | K89: 63 | L89: 47 | M89: =MIN(L89/50,1) -> 0.94 | N89: 1 | O89: =SUM(N89/3)*2 -> 0.66666667 | P89: 1 | Q89: 1 | R89: 10 | S89: =SUM(F89,H89,J89,M89,O89,P89,Q89) -> 4.6066667 | T89: =IFERROR(S89/10,0) -> 0.46066667 | U89: =S89-10 -> -5.3933333 | V89: =IF(T89>=1,"Achieved",IF(T89>=0.7,"Near Target",IF(T89>=0.5,"Average","Low Performance"))) -> Low Performance
A90: 46243 | B90: Anowar Hossain | C90: Batch-1 | D90: OCDL SO | E90: 0 | F90: =IF(E90>0,3,0) -> 0 | G90: 0 | H90: =IF(G90>0,1,0) -> 0 | I90: 1 | J90: =IF(I90>0,1,0) -> 1 | K90: 69 | L90: 52 | M90: =MIN(L90/50,1) -> 1 | N90: 2 | O90: =SUM(N90/3)*2 -> 1.3333333 | P90: 1 | Q90: 0.75 | R90: 10 | S90: =SUM(F90,H90,J90,M90,O90,P90,Q90) -> 5.0833333 | T90: =IFERROR(S90/10,0) -> 0.50833333 | U90: =S90-10 -> -4.9166667 | V90: =IF(T90>=1,"Achieved",IF(T90>=0.7,"Near Target",IF(T90>=0.5,"Average","Low Performance"))) -> Average
A91: 46243 | B91: Abrarul Haque Emon | C91: Batch-1 | D91: OCDL SO | E91: 0 | F91: =IF(E91>0,3,0) -> 0 | G91: 0 | H91: =IF(G91>0,1,0) -> 0 | I91: 0 | J91: =IF(I91>0,1,0) -> 0 | K91: 67 | L91: 55 | M91: =MIN(L91/50,1) -> 1 | N91: 2 | O91: =SUM(N91/3)*2 -> 1.3333333 | P91: 1 | Q91: 0.75 | R91: 10 | S91: =SUM(F91,H91,J91,M91,O91,P91,Q91) -> 4.0833333 | T91: =IFERROR(S91/10,0) -> 0.40833333 | U91: =S91-10 -> -5.9166667 | V91: =IF(T91>=1,"Achieved",IF(T91>=0.7,"Near Target",IF(T91>=0.5,"Average","Low Performance"))) -> Low Performance
A92: 46243 | B92: Md. Estiak Mahbub | C92: Batch-2 | D92: OCDL SO | E92: 0 | F92: =IF(E92>0,3,0) -> 0 | G92: 0 | H92: =IF(G92>0,1,0) -> 0 | I92: 0 | J92: =IF(I92>0,1,0) -> 0 | K92: 0 | L92: 0 | M92: =MIN(L92/50,1) -> 0 | N92: 0 | O92: =SUM(N92/3)*2 -> 0 | P92: 0 | Q92: 0 | R92: 10 | S92: =SUM(F92,H92,J92,M92,O92,P92,Q92) -> 0 | T92: =IFERROR(S92/10,0) -> 0 | U92: =S92-10 -> -10 | V92: =IF(T92>=1,"Achieved",IF(T92>=0.7,"Near Target",IF(T92>=0.5,"Average","Low Performance"))) -> Low Performance | W92: Leave
A93: 46243 | B93: Mst. Sharmin Akter Nabila | C93: Batch-2 | D93: OCDL SO | E93: 0 | F93: =IF(E93>0,3,0) -> 0 | G93: 0 | H93: =IF(G93>0,1,0) -> 0 | I93: 1 | J93: =IF(I93>0,1,0) -> 1 | K93: 30 | L93: 24 | M93: =MIN(L93/50,1) -> 0.48 | N93: 1 | O93: =SUM(N93/3)*2 -> 0.66666667 | P93: 1 | Q93: 1 | R93: 10 | S93: =SUM(F93,H93,J93,M93,O93,P93,Q93) -> 4.1466667 | T93: =IFERROR(S93/10,0) -> 0.41466667 | U93: =S93-10 -> -5.8533333 | V93: =IF(T93>=1,"Achieved",IF(T93>=0.7,"Near Target",IF(T93>=0.5,"Average","Low Performance"))) -> Low Performance
A94: 46243 | B94: Afroza Yeasmin Rumi | C94: Batch-2 | D94: OCDL SO | E94: 0 | F94: =IF(E94>0,3,0) -> 0 | G94: 0 | H94: =IF(G94>0,1,0) -> 0 | I94: 0 | J94: =IF(I94>0,1,0) -> 0 | K94: 30 | L94: 30 | M94: =MIN(L94/50,1) -> 0.6 | N94: 1 | O94: =SUM(N94/3)*2 -> 0.66666667 | P94: 1 | Q94: 1 | R94: 10 | S94: =SUM(F94,H94,J94,M94,O94,P94,Q94) -> 3.2666667 | T94: =IFERROR(S94/10,0) -> 0.32666667 | U94: =S94-10 -> -6.7333333 | V94: =IF(T94>=1,"Achieved",IF(T94>=0.7,"Near Target",IF(T94>=0.5,"Average","Low Performance"))) -> Low Performance
A95: 46243 | B95: Maria Akter Mim | C95: Batch-2 | D95: OCDL SO | E95: 0 | F95: =IF(E95>0,3,0) -> 0 | G95: 0 | H95: =IF(G95>0,1,0) -> 0 | I95: 1 | J95: =IF(I95>0,1,0) -> 1 | K95: 63 | L95: 53 | M95: =MIN(L95/50,1) -> 1 | N95: 1 | O95: =SUM(N95/3)*2 -> 0.66666667 | P95: 1 | Q95: 1 | R95: 10 | S95: =SUM(F95,H95,J95,M95,O95,P95,Q95) -> 4.6666667 | T95: =IFERROR(S95/10,0) -> 0.46666667 | U95: =S95-10 -> -5.3333333 | V95: =IF(T95>=1,"Achieved",IF(T95>=0.7,"Near Target",IF(T95>=0.5,"Average","Low Performance"))) -> Low Performance
A96: 46243 | B96: Md. Jahid Hasan | C96: Batch-2 | D96: OCDL SO | E96: 20000 | F96: =IF(E96>0,3,0) -> 3 | G96: 0 | H96: =IF(G96>0,1,0) -> 0 | I96: 2 | J96: =IF(I96>0,1,0) -> 1 | K96: 65 | L96: 43 | M96: =MIN(L96/50,1) -> 0.86 | N96: 2 | O96: =SUM(N96/3)*2 -> 1.3333333 | P96: 1 | Q96: 1 | R96: 10 | S96: =SUM(F96,H96,J96,M96,O96,P96,Q96) -> 8.1933333 | T96: =IFERROR(S96/10,0) -> 0.81933333 | U96: =S96-10 -> -1.8066667 | V96: =IF(T96>=1,"Achieved",IF(T96>=0.7,"Near Target",IF(T96>=0.5,"Average","Low Performance"))) -> Near Target
A97: 46243 | B97: Omar Sharif Arman | C97: Batch-3 | D97: OCDL SO | E97: 0 | F97: =IF(E97>0,3,0) -> 0 | G97: 0 | H97: =IF(G97>0,1,0) -> 0 | I97: 1 | J97: =IF(I97>0,1,0) -> 1 | K97: 55 | L97: 37 | M97: =MIN(L97/50,1) -> 0.74 | N97: 1 | O97: =SUM(N97/3)*2 -> 0.66666667 | P97: 1 | Q97: 0.75 | R97: 10 | S97: =SUM(F97,H97,J97,M97,O97,P97,Q97) -> 4.1566667 | T97: =IFERROR(S97/10,0) -> 0.41566667 | U97: =S97-10 -> -5.8433333 | V97: =IF(T97>=1,"Achieved",IF(T97>=0.7,"Near Target",IF(T97>=0.5,"Average","Low Performance"))) -> Low Performance
A98: 46243 | B98: Md. Safiqul Islam | C98: Batch-3 | D98: OCDL SO | E98: 0 | F98: =IF(E98>0,3,0) -> 0 | G98: 0 | H98: =IF(G98>0,1,0) -> 0 | I98: 2 | J98: =IF(I98>0,1,0) -> 1 | K98: 60 | L98: 39 | M98: =MIN(L98/50,1) -> 0.78 | N98: 2 | O98: =SUM(N98/3)*2 -> 1.3333333 | P98: 1 | Q98: 1 | R98: 10 | S98: =SUM(F98,H98,J98,M98,O98,P98,Q98) -> 5.1133333 | T98: =IFERROR(S98/10,0) -> 0.51133333 | U98: =S98-10 -> -4.8866667 | V98: =IF(T98>=1,"Achieved",IF(T98>=0.7,"Near Target",IF(T98>=0.5,"Average","Low Performance"))) -> Average
A99: 46243 | B99: Md. Manir Sikder | C99: Batch-3 | D99: OCDL SO | E99: 0 | F99: =IF(E99>0,3,0) -> 0 | G99: 0 | H99: =IF(G99>0,1,0) -> 0 | I99: 2 | J99: =IF(I99>0,1,0) -> 1 | K99: 54 | L99: 41 | M99: =MIN(L99/50,1) -> 0.82 | N99: 1 | O99: =SUM(N99/3)*2 -> 0.66666667 | P99: 1 | Q99: 1 | R99: 10 | S99: =SUM(F99,H99,J99,M99,O99,P99,Q99) -> 4.4866667 | T99: =IFERROR(S99/10,0) -> 0.44866667 | U99: =S99-10 -> -5.5133333 | V99: =IF(T99>=1,"Achieved",IF(T99>=0.7,"Near Target",IF(T99>=0.5,"Average","Low Performance"))) -> Low Performance
A100: 46243 | B100: Md. Yeasin Rasel | C100: Batch-3 | D100: OCDL SO | E100: 0 | F100: =IF(E100>0,3,0) -> 0 | G100: 0 | H100: =IF(G100>0,1,0) -> 0 | I100: 2 | J100: =IF(I100>0,1,0) -> 1 | K100: 70 | L100: 48 | M100: =MIN(L100/50,1) -> 0.96 | N100: 1 | O100: =SUM(N100/3)*2 -> 0.66666667 | P100: 1 | Q100: 1 | R100: 10 | S100: =SUM(F100,H100,J100,M100,O100,P100,Q100) -> 4.6266667 | T100: =IFERROR(S100/10,0) -> 0.46266667 | U100: =S100-10 -> -5.3733333 | V100: =IF(T100>=1,"Achieved",IF(T100>=0.7,"Near Target",IF(T100>=0.5,"Average","Low Performance"))) -> Low Performance
A101: 46244 | B101: Most. Liza Akter | C101: Batch-1 | D101: OCDL SO | E101: 0 | F101: =IF(E101>0,3,0) -> 0 | G101: 1 | H101: =IF(G101>0,1,0) -> 1 | I101: 0 | J101: =IF(I101>0,1,0) -> 0 | K101: 103 | L101: 50 | M101: =MIN(L101/50,1) -> 1 | N101: 3 | O101: =SUM(N101/3)*2 -> 2 | P101: 1 | Q101: 0.75 | R101: 10 | S101: =SUM(F101,H101,J101,M101,O101,P101,Q101) -> 5.75 | T101: =IFERROR(S101/10,0) -> 0.575 | U101: =S101-10 -> -4.25 | V101: =IF(T101>=1,"Achieved",IF(T101>=0.7,"Near Target",IF(T101>=0.5,"Average","Low Performance"))) -> Average
A102: 46244 | B102: Jakir Ahammed Noor | C102: Batch-1 | D102: OCDL SO | E102: 0 | F102: =IF(E102>0,3,0) -> 0 | G102: 1 | H102: =IF(G102>0,1,0) -> 1 | I102: 1 | J102: =IF(I102>0,1,0) -> 1 | K102: 63 | L102: 47 | M102: =MIN(L102/50,1) -> 0.94 | N102: 2 | O102: =SUM(N102/3)*2 -> 1.3333333 | P102: 1 | Q102: 0.75 | R102: 10 | S102: =SUM(F102,H102,J102,M102,O102,P102,Q102) -> 6.0233333 | T102: =IFERROR(S102/10,0) -> 0.60233333 | U102: =S102-10 -> -3.9766667 | V102: =IF(T102>=1,"Achieved",IF(T102>=0.7,"Near Target",IF(T102>=0.5,"Average","Low Performance"))) -> Average
A103: 46244 | B103: Md. Shahinul Islam | C103: Batch-1 | D103: OCDL SO | E103: 0 | F103: =IF(E103>0,3,0) -> 0 | G103: 0 | H103: =IF(G103>0,1,0) -> 0 | I103: 1 | J103: =IF(I103>0,1,0) -> 1 | K103: 55 | L103: 36 | M103: =MIN(L103/50,1) -> 0.72 | N103: 2 | O103: =SUM(N103/3)*2 -> 1.3333333 | P103: 1 | Q103: 1 | R103: 10 | S103: =SUM(F103,H103,J103,M103,O103,P103,Q103) -> 5.0533333 | T103: =IFERROR(S103/10,0) -> 0.50533333 | U103: =S103-10 -> -4.9466667 | V103: =IF(T103>=1,"Achieved",IF(T103>=0.7,"Near Target",IF(T103>=0.5,"Average","Low Performance"))) -> Average
A104: 46244 | B104: Anowar Hossain | C104: Batch-1 | D104: OCDL SO | E104: 0 | F104: =IF(E104>0,3,0) -> 0 | G104: 1 | H104: =IF(G104>0,1,0) -> 1 | I104: 1 | J104: =IF(I104>0,1,0) -> 1 | K104: 75 | L104: 50 | M104: =MIN(L104/50,1) -> 1 | N104: 2 | O104: =SUM(N104/3)*2 -> 1.3333333 | P104: 1 | Q104: 1 | R104: 10 | S104: =SUM(F104,H104,J104,M104,O104,P104,Q104) -> 6.3333333 | T104: =IFERROR(S104/10,0) -> 0.63333333 | U104: =S104-10 -> -3.6666667 | V104: =IF(T104>=1,"Achieved",IF(T104>=0.7,"Near Target",IF(T104>=0.5,"Average","Low Performance"))) -> Average
A105: 46244 | B105: Abrarul Haque Emon | C105: Batch-1 | D105: OCDL SO | E105: 0 | F105: =IF(E105>0,3,0) -> 0 | G105: 1 | H105: =IF(G105>0,1,0) -> 1 | I105: 1 | J105: =IF(I105>0,1,0) -> 1 | K105: 66 | L105: 30 | M105: =MIN(L105/50,1) -> 0.6 | N105: 2 | O105: =SUM(N105/3)*2 -> 1.3333333 | P105: 1 | Q105: 1 | R105: 10 | S105: =SUM(F105,H105,J105,M105,O105,P105,Q105) -> 5.9333333 | T105: =IFERROR(S105/10,0) -> 0.59333333 | U105: =S105-10 -> -4.0666667 | V105: =IF(T105>=1,"Achieved",IF(T105>=0.7,"Near Target",IF(T105>=0.5,"Average","Low Performance"))) -> Average
A106: 46244 | B106: Md. Estiak Mahbub | C106: Batch-2 | D106: OCDL SO | E106: 0 | F106: =IF(E106>0,3,0) -> 0 | G106: 0 | H106: =IF(G106>0,1,0) -> 0 | I106: 0 | J106: =IF(I106>0,1,0) -> 0 | K106: 0 | L106: 0 | M106: =MIN(L106/50,1) -> 0 | N106: 0 | O106: =SUM(N106/3)*2 -> 0 | P106: 0 | Q106: 0 | R106: 10 | S106: =SUM(F106,H106,J106,M106,O106,P106,Q106) -> 0 | T106: =IFERROR(S106/10,0) -> 0 | U106: =S106-10 -> -10 | V106: =IF(T106>=1,"Achieved",IF(T106>=0.7,"Near Target",IF(T106>=0.5,"Average","Low Performance"))) -> Low Performance | W106: Leave
A107: 46244 | B107: Mst. Sharmin Akter Nabila | C107: Batch-2 | D107: OCDL SO | E107: 0 | F107: =IF(E107>0,3,0) -> 0 | G107: 0 | H107: =IF(G107>0,1,0) -> 0 | I107: 0 | J107: =IF(I107>0,1,0) -> 0 | K107: 42 | L107: 41 | M107: =MIN(L107/50,1) -> 0.82 | N107: 0 | O107: =SUM(N107/3)*2 -> 0 | P107: 1 | Q107: 0.75 | R107: 10 | S107: =SUM(F107,H107,J107,M107,O107,P107,Q107) -> 2.57 | T107: =IFERROR(S107/10,0) -> 0.257 | U107: =S107-10 -> -7.43 | V107: =IF(T107>=1,"Achieved",IF(T107>=0.7,"Near Target",IF(T107>=0.5,"Average","Low Performance"))) -> Low Performance
A108: 46244 | B108: Afroza Yeasmin Rumi | C108: Batch-2 | D108: OCDL SO | E108: 0 | F108: =IF(E108>0,3,0) -> 0 | G108: 0 | H108: =IF(G108>0,1,0) -> 0 | I108: 1 | J108: =IF(I108>0,1,0) -> 1 | K108: 77 | L108: 27 | M108: =MIN(L108/50,1) -> 0.54 | N108: 1 | O108: =SUM(N108/3)*2 -> 0.66666667 | P108: 1 | Q108: 1 | R108: 10 | S108: =SUM(F108,H108,J108,M108,O108,P108,Q108) -> 4.2066667 | T108: =IFERROR(S108/10,0) -> 0.42066667 | U108: =S108-10 -> -5.7933333 | V108: =IF(T108>=1,"Achieved",IF(T108>=0.7,"Near Target",IF(T108>=0.5,"Average","Low Performance"))) -> Low Performance
A109: 46244 | B109: Maria Akter Mim | C109: Batch-2 | D109: OCDL SO | E109: 30000 | F109: =IF(E109>0,3,0) -> 3 | G109: 0 | H109: =IF(G109>0,1,0) -> 0 | I109: 0 | J109: =IF(I109>0,1,0) -> 0 | K109: 62 | L109: 37 | M109: =MIN(L109/50,1) -> 0.74 | N109: 1 | O109: =SUM(N109/3)*2 -> 0.66666667 | P109: 1 | Q109: 1 | R109: 10 | S109: =SUM(F109,H109,J109,M109,O109,P109,Q109) -> 6.4066667 | T109: =IFERROR(S109/10,0) -> 0.64066667 | U109: =S109-10 -> -3.5933333 | V109: =IF(T109>=1,"Achieved",IF(T109>=0.7,"Near Target",IF(T109>=0.5,"Average","Low Performance"))) -> Average
A110: 46244 | B110: Md. Jahid Hasan | C110: Batch-2 | D110: OCDL SO | E110: 0 | F110: =IF(E110>0,3,0) -> 0 | G110: 1 | H110: =IF(G110>0,1,0) -> 1 | I110: 1 | J110: =IF(I110>0,1,0) -> 1 | K110: 48 | L110: 35 | M110: =MIN(L110/50,1) -> 0.7 | N110: 1 | O110: =SUM(N110/3)*2 -> 0.66666667 | P110: 1 | Q110: 0.75 | R110: 10 | S110: =SUM(F110,H110,J110,M110,O110,P110,Q110) -> 5.1166667 | T110: =IFERROR(S110/10,0) -> 0.51166667 | U110: =S110-10 -> -4.8833333 | V110: =IF(T110>=1,"Achieved",IF(T110>=0.7,"Near Target",IF(T110>=0.5,"Average","Low Performance"))) -> Average
A111: 46244 | B111: Omar Sharif Arman | C111: Batch-3 | D111: OCDL SO | E111: 0 | F111: =IF(E111>0,3,0) -> 0 | G111: 1 | H111: =IF(G111>0,1,0) -> 1 | I111: 1 | J111: =IF(I111>0,1,0) -> 1 | K111: 45 | L111: 25 | M111: =MIN(L111/50,1) -> 0.5 | N111: 2 | O111: =SUM(N111/3)*2 -> 1.3333333 | P111: 1 | Q111: 0.75 | R111: 10 | S111: =SUM(F111,H111,J111,M111,O111,P111,Q111) -> 5.5833333 | T111: =IFERROR(S111/10,0) -> 0.55833333 | U111: =S111-10 -> -4.4166667 | V111: =IF(T111>=1,"Achieved",IF(T111>=0.7,"Near Target",IF(T111>=0.5,"Average","Low Performance"))) -> Average
A112: 46244 | B112: Md. Safiqul Islam | C112: Batch-3 | D112: OCDL SO | E112: 0 | F112: =IF(E112>0,3,0) -> 0 | G112: 1 | H112: =IF(G112>0,1,0) -> 1 | I112: 0 | J112: =IF(I112>0,1,0) -> 0 | K112: 25 | L112: 15 | M112: =MIN(L112/50,1) -> 0.3 | N112: 2 | O112: =SUM(N112/3)*2 -> 1.3333333 | P112: 1 | Q112: 1 | R112: 10 | S112: =SUM(F112,H112,J112,M112,O112,P112,Q112) -> 4.6333333 | T112: =IFERROR(S112/10,0) -> 0.46333333 | U112: =S112-10 -> -5.3666667 | V112: =IF(T112>=1,"Achieved",IF(T112>=0.7,"Near Target",IF(T112>=0.5,"Average","Low Performance"))) -> Low Performance
A113: 46244 | B113: Md. Manir Sikder | C113: Batch-3 | D113: OCDL SO | E113: 100000 | F113: =IF(E113>0,3,0) -> 3 | G113: 1 | H113: =IF(G113>0,1,0) -> 1 | I113: 1 | J113: =IF(I113>0,1,0) -> 1 | K113: 50 | L113: 50 | M113: =MIN(L113/50,1) -> 1 | N113: 1 | O113: =SUM(N113/3)*2 -> 0.66666667 | P113: 1 | Q113: 1 | R113: 10 | S113: =SUM(F113,H113,J113,M113,O113,P113,Q113) -> 8.6666667 | T113: =IFERROR(S113/10,0) -> 0.86666667 | U113: =S113-10 -> -1.3333333 | V113: =IF(T113>=1,"Achieved",IF(T113>=0.7,"Near Target",IF(T113>=0.5,"Average","Low Performance"))) -> Near Target
A114: 46244 | B114: Md. Yeasin Rasel | C114: Batch-3 | D114: OCDL SO | E114: 0 | F114: =IF(E114>0,3,0) -> 0 | G114: 1 | H114: =IF(G114>0,1,0) -> 1 | I114: 1 | J114: =IF(I114>0,1,0) -> 1 | K114: 61 | L114: 44 | M114: =MIN(L114/50,1) -> 0.88 | N114: 1 | O114: =SUM(N114/3)*2 -> 0.66666667 | P114: 1 | Q114: 1 | R114: 10 | S114: =SUM(F114,H114,J114,M114,O114,P114,Q114) -> 5.5466667 | T114: =IFERROR(S114/10,0) -> 0.55466667 | U114: =S114-10 -> -4.4533333 | V114: =IF(T114>=1,"Achieved",IF(T114>=0.7,"Near Target",IF(T114>=0.5,"Average","Low Performance"))) -> Average
A115: 46245 | B115: Most. Liza Akter | C115: Batch-1 | D115: OCDL SO | E115: 0 | F115: =IF(E115>0,3,0) -> 0 | G115: 0 | H115: =IF(G115>0,1,0) -> 0 | I115: 1 | J115: =IF(I115>0,1,0) -> 1 | K115: 103 | L115: 50 | M115: =MIN(L115/50,1) -> 1 | N115: 3 | O115: =SUM(N115/3)*2 -> 2 | P115: 1 | Q115: 1 | R115: 10 | S115: =SUM(F115,H115,J115,M115,O115,P115,Q115) -> 6 | T115: =IFERROR(S115/10,0) -> 0.6 | U115: =S115-10 -> -4 | V115: =IF(T115>=1,"Achieved",IF(T115>=0.7,"Near Target",IF(T115>=0.5,"Average","Low Performance"))) -> Average
A116: 46245 | B116: Jakir Ahammed Noor | C116: Batch-1 | D116: OCDL SO | E116: 0 | F116: =IF(E116>0,3,0) -> 0 | G116: 1 | H116: =IF(G116>0,1,0) -> 1 | I116: 1 | J116: =IF(I116>0,1,0) -> 1 | K116: 65 | L116: 47 | M116: =MIN(L116/50,1) -> 0.94 | N116: 2 | O116: =SUM(N116/3)*2 -> 1.3333333 | P116: 1 | Q116: 0.75 | R116: 10 | S116: =SUM(F116,H116,J116,M116,O116,P116,Q116) -> 6.0233333 | T116: =IFERROR(S116/10,0) -> 0.60233333 | U116: =S116-10 -> -3.9766667 | V116: =IF(T116>=1,"Achieved",IF(T116>=0.7,"Near Target",IF(T116>=0.5,"Average","Low Performance"))) -> Average
A117: 46245 | B117: Md. Shahinul Islam | C117: Batch-1 | D117: OCDL SO | E117: 0 | F117: =IF(E117>0,3,0) -> 0 | G117: 0 | H117: =IF(G117>0,1,0) -> 0 | I117: 1 | J117: =IF(I117>0,1,0) -> 1 | K117: 75 | L117: 42 | M117: =MIN(L117/50,1) -> 0.84 | N117: 2 | O117: =SUM(N117/3)*2 -> 1.3333333 | P117: 1 | Q117: 1 | R117: 10 | S117: =SUM(F117,H117,J117,M117,O117,P117,Q117) -> 5.1733333 | T117: =IFERROR(S117/10,0) -> 0.51733333 | U117: =S117-10 -> -4.8266667 | V117: =IF(T117>=1,"Achieved",IF(T117>=0.7,"Near Target",IF(T117>=0.5,"Average","Low Performance"))) -> Average
A118: 46245 | B118: Anowar Hossain | C118: Batch-1 | D118: OCDL SO | E118: 0 | F118: =IF(E118>0,3,0) -> 0 | G118: 1 | H118: =IF(G118>0,1,0) -> 1 | I118: 0 | J118: =IF(I118>0,1,0) -> 0 | K118: 69 | L118: 50 | M118: =MIN(L118/50,1) -> 1 | N118: 2 | O118: =SUM(N118/3)*2 -> 1.3333333 | P118: 1 | Q118: 0.5 | R118: 10 | S118: =SUM(F118,H118,J118,M118,O118,P118,Q118) -> 4.8333333 | T118: =IFERROR(S118/10,0) -> 0.48333333 | U118: =S118-10 -> -5.1666667 | V118: =IF(T118>=1,"Achieved",IF(T118>=0.7,"Near Target",IF(T118>=0.5,"Average","Low Performance"))) -> Low Performance
A119: 46245 | B119: Abrarul Haque Emon | C119: Batch-1 | D119: OCDL SO | E119: 0 | F119: =IF(E119>0,3,0) -> 0 | G119: 0 | H119: =IF(G119>0,1,0) -> 0 | I119: 1 | J119: =IF(I119>0,1,0) -> 1 | K119: 80 | L119: 50 | M119: =MIN(L119/50,1) -> 1 | N119: 3 | O119: =SUM(N119/3)*2 -> 2 | P119: 1 | Q119: 0.75 | R119: 10 | S119: =SUM(F119,H119,J119,M119,O119,P119,Q119) -> 5.75 | T119: =IFERROR(S119/10,0) -> 0.575 | U119: =S119-10 -> -4.25 | V119: =IF(T119>=1,"Achieved",IF(T119>=0.7,"Near Target",IF(T119>=0.5,"Average","Low Performance"))) -> Average
A120: 46245 | B120: Md. Estiak Mahbub | C120: Batch-2 | D120: OCDL SO | E120: 0 | F120: =IF(E120>0,3,0) -> 0 | G120: 0 | H120: =IF(G120>0,1,0) -> 0 | I120: 0 | J120: =IF(I120>0,1,0) -> 0 | K120: 0 | L120: 0 | M120: =MIN(L120/50,1) -> 0 | N120: 0 | O120: =SUM(N120/3)*2 -> 0 | P120: 0 | Q120: 0 | R120: 10 | S120: =SUM(F120,H120,J120,M120,O120,P120,Q120) -> 0 | T120: =IFERROR(S120/10,0) -> 0 | U120: =S120-10 -> -10 | V120: =IF(T120>=1,"Achieved",IF(T120>=0.7,"Near Target",IF(T120>=0.5,"Average","Low Performance"))) -> Low Performance | W120: Leave
A121: 46245 | B121: Mst. Sharmin Akter Nabila | C121: Batch-2 | D121: OCDL SO | E121: 0 | F121: =IF(E121>0,3,0) -> 0 | G121: 0 | H121: =IF(G121>0,1,0) -> 0 | I121: 1 | J121: =IF(I121>0,1,0) -> 1 | K121: 50 | L121: 26 | M121: =MIN(L121/50,1) -> 0.52 | N121: 1 | O121: =SUM(N121/3)*2 -> 0.66666667 | P121: 1 | Q121: 0.75 | R121: 10 | S121: =SUM(F121,H121,J121,M121,O121,P121,Q121) -> 3.9366667 | T121: =IFERROR(S121/10,0) -> 0.39366667 | U121: =S121-10 -> -6.0633333 | V121: =IF(T121>=1,"Achieved",IF(T121>=0.7,"Near Target",IF(T121>=0.5,"Average","Low Performance"))) -> Low Performance
A122: 46245 | B122: Afroza Yeasmin Rumi | C122: Batch-2 | D122: OCDL SO | E122: 0 | F122: =IF(E122>0,3,0) -> 0 | G122: 0 | H122: =IF(G122>0,1,0) -> 0 | I122: 1 | J122: =IF(I122>0,1,0) -> 1 | K122: 58 | L122: 28 | M122: =MIN(L122/50,1) -> 0.56 | N122: 1 | O122: =SUM(N122/3)*2 -> 0.66666667 | P122: 1 | Q122: 1 | R122: 10 | S122: =SUM(F122,H122,J122,M122,O122,P122,Q122) -> 4.2266667 | T122: =IFERROR(S122/10,0) -> 0.42266667 | U122: =S122-10 -> -5.7733333 | V122: =IF(T122>=1,"Achieved",IF(T122>=0.7,"Near Target",IF(T122>=0.5,"Average","Low Performance"))) -> Low Performance
A123: 46245 | B123: Maria Akter Mim | C123: Batch-2 | D123: OCDL SO | E123: 0 | F123: =IF(E123>0,3,0) -> 0 | G123: 0 | H123: =IF(G123>0,1,0) -> 0 | I123: 0 | J123: =IF(I123>0,1,0) -> 0 | K123: 61 | L123: 50 | M123: =MIN(L123/50,1) -> 1 | N123: 1 | O123: =SUM(N123/3)*2 -> 0.66666667 | P123: 1 | Q123: 1 | R123: 10 | S123: =SUM(F123,H123,J123,M123,O123,P123,Q123) -> 3.6666667 | T123: =IFERROR(S123/10,0) -> 0.36666667 | U123: =S123-10 -> -6.3333333 | V123: =IF(T123>=1,"Achieved",IF(T123>=0.7,"Near Target",IF(T123>=0.5,"Average","Low Performance"))) -> Low Performance
A124: 46245 | B124: Md. Jahid Hasan | C124: Batch-2 | D124: OCDL SO | E124: 0 | F124: =IF(E124>0,3,0) -> 0 | G124: 0 | H124: =IF(G124>0,1,0) -> 0 | I124: 1 | J124: =IF(I124>0,1,0) -> 1 | K124: 25 | L124: 25 | M124: =MIN(L124/50,1) -> 0.5 | N124: 1 | O124: =SUM(N124/3)*2 -> 0.66666667 | P124: 1 | Q124: 1 | R124: 10 | S124: =SUM(F124,H124,J124,M124,O124,P124,Q124) -> 4.1666667 | T124: =IFERROR(S124/10,0) -> 0.41666667 | U124: =S124-10 -> -5.8333333 | V124: =IF(T124>=1,"Achieved",IF(T124>=0.7,"Near Target",IF(T124>=0.5,"Average","Low Performance"))) -> Low Performance
A125: 46245 | B125: Omar Sharif Arman | C125: Batch-3 | D125: OCDL SO | E125: 0 | F125: =IF(E125>0,3,0) -> 0 | G125: 0 | H125: =IF(G125>0,1,0) -> 0 | I125: 1 | J125: =IF(I125>0,1,0) -> 1 | K125: 40 | L125: 25 | M125: =MIN(L125/50,1) -> 0.5 | N125: 1 | O125: =SUM(N125/3)*2 -> 0.66666667 | P125: 1 | Q125: 0.5 | R125: 10 | S125: =SUM(F125,H125,J125,M125,O125,P125,Q125) -> 3.6666667 | T125: =IFERROR(S125/10,0) -> 0.36666667 | U125: =S125-10 -> -6.3333333 | V125: =IF(T125>=1,"Achieved",IF(T125>=0.7,"Near Target",IF(T125>=0.5,"Average","Low Performance"))) -> Low Performance
A126: 46245 | B126: Md. Safiqul Islam | C126: Batch-3 | D126: OCDL SO | E126: 0 | F126: =IF(E126>0,3,0) -> 0 | G126: 0 | H126: =IF(G126>0,1,0) -> 0 | I126: 0 | J126: =IF(I126>0,1,0) -> 0 | K126: 58 | L126: 20 | M126: =MIN(L126/50,1) -> 0.4 | N126: 2 | O126: =SUM(N126/3)*2 -> 1.3333333 | P126: 1 | Q126: 0.75 | R126: 10 | S126: =SUM(F126,H126,J126,M126,O126,P126,Q126) -> 3.4833333 | T126: =IFERROR(S126/10,0) -> 0.34833333 | U126: =S126-10 -> -6.5166667 | V126: =IF(T126>=1,"Achieved",IF(T126>=0.7,"Near Target",IF(T126>=0.5,"Average","Low Performance"))) -> Low Performance
A127: 46245 | B127: Md. Manir Sikder | C127: Batch-3 | D127: OCDL SO | E127: 30000 | F127: =IF(E127>0,3,0) -> 3 | G127: 0 | H127: =IF(G127>0,1,0) -> 0 | I127: 1 | J127: =IF(I127>0,1,0) -> 1 | K127: 60 | L127: 45 | M127: =MIN(L127/50,1) -> 0.9 | N127: 2 | O127: =SUM(N127/3)*2 -> 1.3333333 | P127: 1 | Q127: 0.75 | R127: 10 | S127: =SUM(F127,H127,J127,M127,O127,P127,Q127) -> 7.9833333 | T127: =IFERROR(S127/10,0) -> 0.79833333 | U127: =S127-10 -> -2.0166667 | V127: =IF(T127>=1,"Achieved",IF(T127>=0.7,"Near Target",IF(T127>=0.5,"Average","Low Performance"))) -> Near Target
A128: 46245 | B128: Md. Yeasin Rasel | C128: Batch-3 | D128: OCDL SO | E128: 0 | F128: =IF(E128>0,3,0) -> 0 | G128: 0 | H128: =IF(G128>0,1,0) -> 0 | I128: 1 | J128: =IF(I128>0,1,0) -> 1 | K128: 57 | L128: 44 | M128: =MIN(L128/50,1) -> 0.88 | N128: 1 | O128: =SUM(N128/3)*2 -> 0.66666667 | P128: 1 | Q128: 0.75 | R128: 10 | S128: =SUM(F128,H128,J128,M128,O128,P128,Q128) -> 4.2966667 | T128: =IFERROR(S128/10,0) -> 0.42966667 | U128: =S128-10 -> -5.7033333 | V128: =IF(T128>=1,"Achieved",IF(T128>=0.7,"Near Target",IF(T128>=0.5,"Average","Low Performance"))) -> Low Performance
A129: 46246 | B129: Most. Liza Akter | C129: Batch-1 | D129: OCDL SO | E129: 0 | F129: =IF(E129>0,3,0) -> 0 | G129: 0 | H129: =IF(G129>0,1,0) -> 0 | I129: 0 | J129: =IF(I129>0,1,0) -> 0 | K129: 111 | L129: 50 | M129: =MIN(L129/50,1) -> 1 | N129: 3 | O129: =SUM(N129/3)*2 -> 2 | P129: 1 | Q129: 1 | R129: 10 | S129: =SUM(F129,H129,J129,M129,O129,P129,Q129) -> 5 | T129: =IFERROR(S129/10,0) -> 0.5 | U129: =S129-10 -> -5 | V129: =IF(T129>=1,"Achieved",IF(T129>=0.7,"Near Target",IF(T129>=0.5,"Average","Low Performance"))) -> Average
A130: 46246 | B130: Jakir Ahammed Noor | C130: Batch-1 | D130: OCDL SO | E130: 0 | F130: =IF(E130>0,3,0) -> 0 | G130: 0 | H130: =IF(G130>0,1,0) -> 0 | I130: 1 | J130: =IF(I130>0,1,0) -> 1 | K130: 67 | L130: 50 | M130: =MIN(L130/50,1) -> 1 | N130: 2 | O130: =SUM(N130/3)*2 -> 1.3333333 | P130: 1 | Q130: 0.75 | R130: 10 | S130: =SUM(F130,H130,J130,M130,O130,P130,Q130) -> 5.0833333 | T130: =IFERROR(S130/10,0) -> 0.50833333 | U130: =S130-10 -> -4.9166667 | V130: =IF(T130>=1,"Achieved",IF(T130>=0.7,"Near Target",IF(T130>=0.5,"Average","Low Performance"))) -> Average
...

Sheet Branch Performance-Sep26
A1: OCDL Sales Office KPI Dashboard — Target vs Achievement : September'2026 Summary: 01 - 10 September
A2: Date | B2: Batch | C2: Members | D2: Collection Achv. | E2: Collection Point | F2: Int. Meeting Achv. | G2: Int. Meeting Point | H2: Ext. Meeting Achv | I2: Ext. Meeting Point | J2: Talk Time | K2: Client Reach/ Follow-up Achv. | L2: Client Reach/ Follow-up Point | M2: Appointment Achv. | N2: Appointment Point | O2: Dig. Marketing Point | P2: Att. & Discipline Point | Q2: KPI Mark Target | R2: Total KPI Points | S2: KPI Achievement % | T2: Gap | U2: Status | V2: Remarks
A3: 46275 | B3: Batch-1 | C3: 4 | D3: 2620000 | E3: 0.42 | F3: 10 | G3: 0.22 | H3: 33 | I3: 0.69 | J3: 2660 | K3: 1592 | L3: 0.88 | M3: 84 | N3: 1.56 | O3: 0.92 | P3: 0.85 | Q3: 10 | R3: =SUM(E3,G3,I3,L3,N3,O3,P3) -> 5.54 | S3: =IFERROR(R3/10,0) -> 0.554 | T3: =R3-10 -> -4.46 | U3: =IF(S3>=1,"Achieved",IF(S3>=0.7,"Near Target",IF(S3>=0.5,"Average","Low Performance"))) -> Average
A4: 46275 | B4: Batch-2 | C4: 4 | D4: =50000+18000 -> 68000 | E4: 0.17 | F4: 3 | G4: 0.08 | H4: 16 | I4: 0.42 | J4: 2262 | K4: 1660 | L4: 0.92 | M4: 72 | N4: 1.33 | O4: 0.97 | P4: 0.94 | Q4: 10 | R4: =SUM(E4,G4,I4,L4,N4,O4,P4) -> 4.83 | S4: =IFERROR(R4/10,0) -> 0.483 | T4: =R4-10 -> -5.17 | U4: =IF(S4>=1,"Achieved",IF(S4>=0.7,"Near Target",IF(S4>=0.5,"Average","Low Performance"))) -> Low Performance
A5: 46275 | B5: Batch-3 | C5: 4 | D5: 150000 | E5: 0.17 | F5: 8 | G5: 0.22 | H5: 21 | I5: 0.5 | J5: 1685 | K5: 1380 | L5: 0.77 | M5: 65 | N5: 1.2 | O5: 0.89 | P5: 0.77 | Q5: 10 | R5: =SUM(E5,G5,I5,L5,N5,O5,P5) -> 4.52 | S5: =IFERROR(R5/10,0) -> 0.452 | T5: =R5-10 -> -5.48 | U5: =IF(S5>=1,"Achieved",IF(S5>=0.7,"Near Target",IF(S5>=0.5,"Average","Low Performance"))) -> Low Performance
A6: Working Days-09 | B6: Branch Total | C6: =SUBTOTAL(109,C3:C5) -> 12 | D6: =SUBTOTAL(109,D3:D5) -> 2838000 | E6: =SUBTOTAL(109,E3:E5) -> 0.76 | F6: =SUBTOTAL(109,F3:F5) -> 21 | G6: =SUBTOTAL(109,G3:G5) -> 0.52 | H6: =SUBTOTAL(109,H3:H5) -> 70 | I6: =SUBTOTAL(109,I3:I5) -> 1.61 | J6: =SUBTOTAL(109,J3:J5) -> 6607 | ... P6: =SUBTOTAL(109,P3:P5) -> 2.56 | Q6: =AVERAGE(Q3:Q5) -> 10 | R6: =AVERAGE(R3:R5) -> 4.9633333 | S6: =IFERROR(R6/10,0) -> 0.49633333 | T6: =R6-10 -> -5.0366667 | U6: =IF(S6>=1,"Achieved",IF(S6>=0.7,"Near Target",IF(S6>=0.5,"Average","Low Performance"))) -> Low Performance

Sheet KPI Target Setup
A1: KPI Parameter | B1: Daily Fixed Target | C1: KPI Point Rule | D1: Counts in KPI Mark? | E1: Remarks
A2: Collection | B2: Any collection | C2: Any collection = 3 points | D2: YES
A3: External Meeting | B3: 1 | C3: 1 meeting = 1 point | D3: YES
A4: Internal Meeting | B4: 1 | C4: 1 meeting = 1 point | D4: YES
A5: Talk Time (Min) | B5: 60 | C5: No KPI point | D5: NO | E5: Target vs Achievement only
A6: Follow-up | B6: 50 | C6: 50 follow-ups = 1 point | D6: YES | E6: Completed blocks of 50
A7: Appointment | B7: 3 | C7: 3 appointments = 2 points | D7: YES | E7: Completed blocks of 3
A8: Digital Marketing | B8: 1 | C8: 1 activity = 1 point | D8: YES
A9: Attendance & Discipline | B9: 1 | C9: 1 = 1 point | D9: YES
A10: KPI Mark | B10: 10 | C10: Up to 10 points | D10: YES | E10: Achievement entered as KPI Mark
A12: Important | B12: Only YES parameters are included in Total KPI Points. Talk Time contributes 0 points.
